customer_id,segment_name,recency_days,frequency_180d,monetary_180d,R,F,M,RFM_sum,return_rate_180d,negative_ticket_rate_90d,ticket_count_90d,category_diversity_180d,campaign_clicks_30d,sessions_30d,loyalty_tier,last_campaign_received,manual_priority_bucket
CUST00001,Dormant,107,1,362.73,2,1,1,4,0.0,0.0,0,1,0,1,Silver,welcome_offer,high
CUST00002,New / Promising,40,1,581.0,4,1,2,7,0.0,0.0,1,1,0,8,Silver,free_shipping,medium
CUST00003,Dormant,171,1,649.98,1,1,2,4,0.0,0.0,0,1,0,1,,none,high
CUST00004,At-Risk High-Value,131,1,1604.04,2,1,4,7,0.0,0.0,0,1,0,1,,free_shipping,high
CUST00005,Champions,38,3,1781.9,4,5,4,13,0.0,0.0,0,2,1,18,Gold,welcome_offer,medium
CUST00006,High-Value but Unhappy,51,4,2989.58,3,5,5,13,0.25,1.0,2,3,0,2,Silver,none,medium
CUST00007,New / Promising,3,1,719.33,5,1,3,9,0.0,0.0,0,1,3,11,,free_shipping,low
CUST00008,Loyal Customers,47,3,2449.11,3,5,5,13,0.0,0.0,0,3,0,2,Silver,bundle_discount,medium
CUST00009,New / Promising,31,1,376.85,4,1,2,7,0.0,0.0,0,1,0,11,,none,low
CUST00010,New / Promising,9,1,636.8,5,1,2,8,0.0,0.0,0,1,0,13,,none,low
CUST00011,New / Promising,1,1,508.08,5,1,2,8,0.0,0.0,0,1,0,10,Gold,new_launch,low
CUST00012,Need Attention,50,1,978.88,3,1,3,7,0.0,0.0,0,1,0,3,,none,medium
CUST00013,Loyal Customers,61,3,1754.44,3,5,4,12,0.0,0.0,0,2,0,4,,free_shipping,medium
CUST00014,Loyal Customers,51,2,1382.3899999999999,3,3,4,10,0.0,0.0,0,1,0,11,,bundle_discount,medium
CUST00015,Loyal Customers,35,2,1523.1399999999999,4,3,4,11,0.0,0.0,0,2,0,6,Gold,none,low
CUST00016,Dormant,215,0,0.0,1,1,1,3,0.0,0.0,0,0,1,2,,welcome_offer,high
CUST00017,Dormant,286,0,0.0,1,1,1,3,0.0,0.0,0,0,4,4,,bundle_discount,high
CUST00018,Dormant,111,1,329.21,2,1,1,4,0.0,0.0,0,1,2,3,Silver,new_launch,high
CUST00019,Loyal Customers,9,2,1598.93,5,3,4,12,0.0,0.0,0,1,1,5,Gold,free_shipping,low
CUST00020,Dormant,368,0,0.0,1,1,1,3,0.0,0.0,0,0,0,0,,welcome_offer,high
CUST00021,Loyal Customers,77,2,1059.3,3,3,3,9,0.0,1.0,1,2,0,3,Silver,new_launch,high
CUST00022,New / Promising,29,1,454.06,4,1,2,7,0.0,0.0,0,1,1,10,,welcome_offer,low
CUST00023,New / Promising,21,1,400.98,4,1,2,7,0.0,0.0,0,1,1,3,Gold,welcome_offer,low
CUST00024,New / Promising,4,1,481.35,5,1,2,8,0.0,0.0,0,1,0,13,,new_launch,low
CUST00025,Dormant,165,1,517.97,1,1,2,4,0.0,0.0,0,1,1,11,,new_launch,high
CUST00026,High-Value but Unhappy,72,3,3561.3900000000003,3,5,5,13,0.333,1.0,1,2,0,14,,none,medium
CUST00027,High-Value but Unhappy,70,1,2128.34,3,1,5,9,1.0,0.0,1,1,2,11,,free_shipping,medium
CUST00028,Need Attention,83,1,641.83,3,1,2,6,0.0,0.0,0,1,0,1,,free_shipping,high
CUST00029,Champions,18,3,1382.04,5,5,4,14,0.0,0.0,0,2,0,1,,free_shipping,low
CUST00030,High-Value but Unhappy,5,5,2819.98,5,5,5,15,0.0,1.0,2,4,0,11,Gold,free_shipping,medium
CUST00031,Need Attention,49,1,672.95,3,1,2,6,0.0,0.0,0,1,0,6,,new_launch,medium
CUST00032,New / Promising,33,1,694.18,4,1,3,8,0.0,0.0,0,1,0,12,Silver,bundle_discount,low
CUST00033,High-Value but Unhappy,12,3,1877.69,5,5,4,14,0.333,1.0,1,3,0,7,Gold,welcome_offer,medium
CUST00034,High-Value but Unhappy,50,2,1460.21,3,3,4,10,0.0,1.0,1,2,2,7,Gold,welcome_offer,medium
CUST00035,At-Risk High-Value,127,1,779.74,2,1,3,6,0.0,0.0,0,1,0,6,Silver,new_launch,high
CUST00036,Champions,27,4,1737.33,4,5,4,13,0.25,0.0,1,4,0,0,Silver,bundle_discount,medium
CUST00037,Dormant,102,1,435.83,2,1,2,5,0.0,0.0,0,1,0,5,,welcome_offer,high
CUST00038,Loyal Customers,51,3,1955.6100000000001,3,5,5,13,0.0,0.0,1,3,0,5,,bundle_discount,medium
CUST00039,Loyal Customers,15,2,1173.55,5,3,3,11,0.0,0.0,0,2,1,6,,welcome_offer,low
CUST00040,Dormant,154,1,634.73,1,1,2,4,0.0,0.0,0,1,0,1,,none,high
CUST00041,Need Attention,54,1,366.99,3,1,1,5,0.0,0.0,0,1,2,5,Silver,free_shipping,medium
CUST00042,At-Risk High-Value,87,5,4306.0,2,5,5,12,0.0,0.5,2,4,2,3,Silver,none,high
CUST00043,New / Promising,24,1,363.01,4,1,1,6,0.0,0.0,0,1,0,3,Gold,welcome_offer,low
CUST00044,Need Attention,72,1,899.51,3,1,3,7,0.0,0.0,0,1,2,6,,welcome_offer,medium
CUST00045,Dormant,96,1,413.75,2,1,2,5,0.0,0.0,0,1,1,6,,welcome_offer,high
CUST00046,Dormant,127,1,489.87,2,1,2,5,0.0,0.0,0,1,0,7,Gold,new_launch,high
CUST00047,Dormant,204,0,0.0,1,1,1,3,0.0,0.0,0,0,1,2,Gold,free_shipping,high
CUST00048,Loyal Customers,61,4,2450.45,3,5,5,13,0.25,0.0,0,3,0,12,Silver,none,medium
CUST00049,New / Promising,8,1,380.83,5,1,2,8,0.0,0.0,0,1,1,4,,new_launch,low
CUST00050,Loyal Customers,0,2,2026.54,5,3,5,13,0.5,0.0,0,2,1,3,Gold,bundle_discount,low
CUST00051,Dormant,210,0,0.0,1,1,1,3,0.0,0.0,0,0,2,6,,new_launch,high
CUST00052,Loyal Customers,55,2,1820.53,3,3,4,10,0.0,0.0,0,2,0,7,Silver,free_shipping,medium
CUST00053,High-Value but Unhappy,25,3,2063.87,4,5,5,14,0.0,1.0,1,2,1,9,Silver,welcome_offer,medium
CUST00054,New / Promising,6,1,489.85,5,1,2,8,0.0,0.0,0,1,0,3,,welcome_offer,low
CUST00055,Champions,3,3,1308.35,5,5,4,14,0.0,0.0,0,2,2,6,,new_launch,low
CUST00056,Champions,9,3,3150.6899999999996,5,5,5,15,0.0,0.0,1,2,0,3,,new_launch,medium
CUST00057,At-Risk High-Value,136,1,1713.34,2,1,4,7,0.0,0.0,0,1,1,7,,none,high
CUST00058,New / Promising,42,1,644.61,4,1,2,7,0.0,0.0,0,1,4,2,,new_launch,medium
CUST00059,Loyal Customers,2,2,1447.55,5,3,4,12,0.0,0.0,0,1,0,3,Silver,new_launch,low
CUST00060,Dormant,145,1,293.22,2,1,1,4,0.0,0.0,0,1,0,5,,none,high
CUST00061,High-Value but Unhappy,14,3,1632.4,5,5,4,14,0.0,1.0,1,3,1,4,,welcome_offer,medium
CUST00062,Champions,21,3,2295.98,4,5,5,14,0.0,0.0,0,3,1,9,Silver,welcome_offer,low
CUST00063,Dormant,216,0,0.0,1,1,1,3,0.0,0.0,0,0,0,0,,bundle_discount,high
CUST00064,New / Promising,2,1,654.93,5,1,2,8,0.0,0.0,0,1,0,8,,free_shipping,low
CUST00065,New / Promising,6,1,1911.67,5,1,5,11,0.0,0.0,0,1,2,3,,bundle_discount,low
CUST00066,Dormant,320,0,0.0,1,1,1,3,0.0,0.0,0,0,1,11,,bundle_discount,high
CUST00067,Loyal Customers,63,2,1246.44,3,3,4,10,0.5,0.0,1,2,2,1,Silver,welcome_offer,medium
CUST00068,Dormant,346,0,0.0,1,1,1,3,0.0,0.0,0,0,1,5,Silver,bundle_discount,high
CUST00069,Loyal Customers,29,2,874.47,4,3,3,10,0.0,0.0,0,2,1,9,,bundle_discount,low
CUST00070,New / Promising,38,1,542.98,4,1,2,7,0.0,0.0,0,1,0,1,Gold,none,high
CUST00071,High-Value but Unhappy,32,1,2062.5,4,1,5,10,0.0,1.0,1,1,2,1,,free_shipping,high
CUST00072,At-Risk High-Value,90,2,1697.8400000000001,2,3,4,9,0.0,0.0,0,2,1,7,,none,high
CUST00073,Loyal Customers,8,2,1150.72,5,3,3,11,0.0,0.0,0,2,1,7,,none,low
CUST00074,New / Promising,7,1,824.34,5,1,3,9,1.0,1.0,1,1,1,14,Platinum,new_launch,medium
CUST00075,Champions,3,3,1287.45,5,5,4,14,0.0,0.0,0,3,0,10,,none,low
CUST00076,Loyal Customers,20,2,1385.27,5,3,4,12,0.0,0.0,0,1,0,17,,bundle_discount,low
CUST00077,Dormant,109,1,394.32,2,1,2,5,0.0,0.0,0,1,0,0,,welcome_offer,high
CUST00078,At-Risk High-Value,139,1,894.45,2,1,3,6,1.0,0.0,0,1,0,5,,welcome_offer,high
CUST00079,Dormant,191,0,0.0,1,1,1,3,0.0,0.0,0,0,0,2,Silver,none,high
CUST00080,Need Attention,50,1,1461.68,3,1,4,8,0.0,0.0,0,1,0,11,Gold,none,medium
CUST00081,Champions,19,5,3417.3199999999997,5,5,5,15,0.0,0.0,0,4,0,12,Silver,bundle_discount,low
CUST00082,Dormant,254,0,0.0,1,1,1,3,0.0,0.0,0,0,3,7,,none,high
CUST00083,At-Risk High-Value,89,2,806.87,2,3,3,8,0.5,1.0,1,1,0,9,,bundle_discount,high
CUST00084,At-Risk High-Value,167,1,1273.18,1,1,4,6,0.0,0.0,0,1,1,11,Silver,bundle_discount,high
CUST00085,New / Promising,14,1,1257.8,5,1,4,10,0.0,0.0,0,1,0,8,,none,low
CUST00086,High-Value but Unhappy,21,4,1741.15,4,5,4,13,0.0,1.0,1,1,2,7,Silver,welcome_offer,medium
CUST00087,New / Promising,44,1,933.58,4,1,3,8,0.0,0.0,0,1,0,1,,new_launch,high
CUST00088,At-Risk High-Value,98,2,1169.14,2,3,3,8,0.0,0.0,0,2,0,9,Gold,new_launch,high
CUST00089,At-Risk High-Value,165,1,1513.5,1,1,4,6,0.0,0.0,0,1,3,12,,none,high
CUST00090,Loyal Customers,80,4,1966.31,3,5,5,13,0.0,0.0,0,3,0,5,Platinum,new_launch,high
CUST00091,Dormant,90,1,311.34,2,1,1,4,0.0,0.0,0,1,0,9,Platinum,free_shipping,high
CUST00092,New / Promising,21,1,430.85,4,1,2,7,0.0,0.0,0,1,0,1,,new_launch,high
CUST00093,Need Attention,85,1,759.64,3,1,3,7,0.0,0.0,0,1,4,16,Gold,none,high
CUST00094,Dormant,183,0,0.0,1,1,1,3,0.0,0.0,0,0,1,6,,new_launch,high
CUST00095,Need Attention,65,1,372.65,3,1,2,6,0.0,1.0,1,1,1,10,,welcome_offer,medium
CUST00096,Loyal Customers,61,2,1414.75,3,3,4,10,0.5,0.0,0,2,0,12,,new_launch,medium
CUST00097,Champions,1,3,2946.09,5,5,5,15,0.0,0.0,0,1,0,0,,new_launch,low
CUST00098,Dormant,184,0,0.0,1,1,1,3,0.0,0.0,0,0,0,8,,bundle_discount,high
CUST00099,At-Risk High-Value,144,2,1471.51,2,3,4,9,0.0,0.0,0,1,2,4,,welcome_offer,high
CUST00100,Need Attention,70,1,372.37,3,1,2,6,0.0,0.0,0,1,0,1,,bundle_discount,high
CUST00101,At-Risk High-Value,108,2,1240.21,2,3,4,9,0.0,0.0,0,2,0,2,,free_shipping,high
CUST00102,Need Attention,83,1,732.65,3,1,3,7,0.0,0.0,0,1,0,2,,welcome_offer,high
CUST00103,New / Promising,21,1,1469.96,4,1,4,9,0.0,0.0,0,1,1,6,,none,low
CUST00104,At-Risk High-Value,93,1,955.63,2,1,3,6,0.0,0.0,0,1,0,3,,bundle_discount,high
CUST00105,Need Attention,46,1,2052.43,4,1,5,10,0.0,0.0,0,1,0,1,,new_launch,high
CUST00106,Need Attention,61,1,436.15,3,1,2,6,0.0,0.0,0,1,0,5,,bundle_discount,medium
CUST00107,Loyal Customers,12,2,1658.13,5,3,4,12,0.0,0.0,0,2,0,2,,free_shipping,low
CUST00108,New / Promising,44,1,1074.5,4,1,3,8,1.0,1.0,1,1,0,5,,new_launch,medium
CUST00109,At-Risk High-Value,92,2,1622.28,2,3,4,9,0.0,0.0,0,2,1,1,Silver,free_shipping,high
CUST00110,Champions,35,3,2424.8,4,5,5,14,0.0,0.5,2,2,0,4,,new_launch,medium
CUST00111,At-Risk High-Value,178,1,1135.09,1,1,3,5,0.0,0.0,0,1,0,3,Silver,welcome_offer,high
CUST00112,Champions,0,4,2225.98,5,5,5,15,0.0,0.0,0,3,0,4,,welcome_offer,low
CUST00113,Loyal Customers,28,2,1601.31,4,3,4,11,0.0,0.0,0,2,0,17,Silver,free_shipping,low
CUST00114,Dormant,239,0,0.0,1,1,1,3,0.0,0.0,0,0,1,3,,new_launch,high
CUST00115,Dormant,159,1,596.54,1,1,2,4,0.0,0.0,0,1,2,12,Gold,welcome_offer,high
CUST00116,Dormant,143,1,452.08,2,1,2,5,0.0,0.0,0,1,2,10,,new_launch,high
CUST00117,At-Risk High-Value,123,2,1268.88,2,3,4,9,0.0,0.0,0,2,0,2,Silver,bundle_discount,high
CUST00118,New / Promising,27,1,689.56,4,1,3,8,0.0,0.0,0,1,0,2,Silver,none,low
CUST00119,Need Attention,69,1,2019.98,3,1,5,9,0.0,0.0,1,1,0,12,,free_shipping,medium
CUST00120,New / Promising,26,1,261.95,4,1,1,6,0.0,0.0,0,1,0,6,Silver,bundle_discount,low
CUST00121,Loyal Customers,27,2,2496.0299999999997,4,3,5,12,0.0,0.0,0,1,1,5,Gold,free_shipping,low
CUST00122,At-Risk High-Value,106,2,2048.93,2,3,5,10,0.0,0.0,0,2,4,10,Gold,none,high
CUST00123,At-Risk High-Value,102,4,2117.52,2,5,5,12,0.0,0.0,0,3,0,2,Silver,new_launch,high
CUST00124,Dormant,194,0,0.0,1,1,1,3,0.0,0.0,0,0,0,5,,new_launch,high
CUST00125,Loyal Customers,8,2,1698.4,5,3,4,12,0.0,0.0,0,2,1,0,,none,low
CUST00126,Need Attention,57,1,919.95,3,1,3,7,0.0,0.0,0,1,0,5,Silver,new_launch,medium
CUST00127,Loyal Customers,24,2,729.55,4,3,3,10,0.0,0.0,0,1,0,3,Silver,welcome_offer,low
CUST00128,Loyal Customers,19,2,1716.68,5,3,4,12,0.0,0.0,0,1,0,15,,free_shipping,low
CUST00129,Loyal Customers,83,3,3369.08,3,5,5,13,0.333,0.0,1,2,0,7,,bundle_discount,high
CUST00130,At-Risk High-Value,88,1,1272.47,2,1,4,7,0.0,0.0,0,1,0,9,Gold,new_launch,high
CUST00131,Need Attention,67,1,2157.15,3,1,5,9,0.0,0.0,0,1,0,4,,welcome_offer,medium
CUST00132,At-Risk High-Value,117,1,1621.76,2,1,4,7,0.0,0.0,0,1,0,1,,welcome_offer,high
CUST00133,Loyal Customers,54,6,4776.26,3,5,5,13,0.0,0.0,0,3,1,5,,free_shipping,medium
CUST00134,Loyal Customers,35,2,1527.1100000000001,4,3,4,11,0.5,0.0,0,2,0,11,,new_launch,low
CUST00135,Dormant,333,0,0.0,1,1,1,3,0.0,0.0,0,0,1,3,,new_launch,high
CUST00136,Need Attention,71,1,514.9,3,1,2,6,0.0,0.0,0,1,0,7,Gold,new_launch,medium
CUST00137,Dormant,177,1,573.73,1,1,2,4,0.0,0.0,0,2,0,4,Silver,none,high
CUST00138,Need Attention,61,1,905.11,3,1,3,7,0.0,0.0,0,1,1,5,,bundle_discount,medium
CUST00139,High-Value but Unhappy,28,2,1715.4,4,3,4,11,0.0,1.0,2,2,0,5,,none,medium
CUST00140,Champions,6,3,3416.05,5,5,5,15,0.0,0.0,1,3,0,14,,new_launch,medium
CUST00141,New / Promising,28,1,647.85,4,1,2,7,0.0,0.0,0,1,1,4,,none,low
CUST00142,Dormant,169,1,369.26,1,1,1,3,0.0,0.0,0,1,0,2,,new_launch,high
CUST00143,Champions,32,3,4028.8,4,5,5,14,0.0,0.0,0,3,1,5,Silver,free_shipping,low
CUST00144,At-Risk High-Value,86,2,928.5799999999999,2,3,3,8,0.0,1.0,1,2,2,8,Gold,free_shipping,high
CUST00145,New / Promising,30,1,502.35,4,1,2,7,0.0,0.0,0,1,0,0,,none,high
CUST00146,At-Risk High-Value,108,1,986.21,2,1,3,6,0.0,0.0,0,1,1,4,Silver,free_shipping,high
CUST00147,Loyal Customers,84,3,2809.3199999999997,3,5,5,13,0.0,0.0,0,2,0,1,Platinum,new_launch,high
CUST00148,Champions,4,3,1990.51,5,5,5,15,0.0,0.0,0,3,1,5,,bundle_discount,low
CUST00149,New / Promising,8,1,787.94,5,1,3,9,0.0,0.0,0,1,0,8,,bundle_discount,low
CUST00150,Loyal Customers,45,2,1008.65,4,3,3,10,0.0,0.0,0,2,2,6,,welcome_offer,medium
CUST00151,Loyal Customers,62,3,2844.17,3,5,5,13,0.0,0.0,0,2,0,7,,none,medium
CUST00152,High-Value but Unhappy,46,3,2730.26,4,5,5,14,0.0,1.0,3,2,3,19,Silver,bundle_discount,medium
CUST00153,New / Promising,3,1,977.12,5,1,3,9,0.0,0.0,0,1,0,6,Gold,welcome_offer,low
CUST00154,Champions,10,4,3935.38,5,5,5,15,0.0,0.0,0,4,0,8,Gold,new_launch,low
CUST00155,Champions,2,3,2024.8,5,5,5,15,0.0,0.0,0,2,0,6,,none,low
CUST00156,Loyal Customers,34,2,4241.75,4,3,5,12,0.5,0.0,1,1,0,14,,welcome_offer,medium
CUST00157,New / Promising,0,1,376.83,5,1,2,8,0.0,0.0,0,1,1,3,,welcome_offer,low
CUST00158,At-Risk High-Value,155,1,812.34,1,1,3,5,0.0,0.0,0,1,1,8,,free_shipping,high
CUST00159,Dormant,474,0,0.0,1,1,1,3,0.0,0.0,0,0,0,0,Silver,free_shipping,high
CUST00160,Dormant,177,1,433.18,1,1,2,4,0.0,0.0,0,1,0,4,,welcome_offer,high
CUST00161,Champions,20,3,1738.05,5,5,4,14,0.0,0.0,0,2,1,7,Silver,welcome_offer,low
CUST00162,At-Risk High-Value,91,2,1194.5900000000001,2,3,4,9,0.0,0.0,0,1,0,2,Gold,none,high
CUST00163,Need Attention,70,1,275.41,3,1,1,5,0.0,0.0,0,1,2,3,Silver,free_shipping,medium
CUST00164,Dormant,222,0,0.0,1,1,1,3,0.0,0.0,0,0,0,1,Platinum,free_shipping,high
CUST00165,At-Risk High-Value,103,3,1825.77,2,5,4,11,0.0,0.0,0,1,0,2,Gold,welcome_offer,high
CUST00166,New / Promising,15,1,1269.41,5,1,4,10,0.0,0.0,1,1,0,1,Silver,new_launch,high
CUST00167,Dormant,219,0,0.0,1,1,1,3,0.0,0.0,0,0,1,0,,bundle_discount,high
CUST00168,Loyal Customers,85,2,2194.9300000000003,3,3,5,11,0.0,0.0,0,2,0,2,Platinum,bundle_discount,high
CUST00169,Dormant,222,0,0.0,1,1,1,3,0.0,0.0,0,0,0,1,Gold,new_launch,high
CUST00170,Loyal Customers,9,2,1708.2199999999998,5,3,4,12,0.0,0.0,0,1,0,5,,new_launch,low
CUST00171,New / Promising,12,1,1077.78,5,1,3,9,0.0,0.0,0,1,0,9,,none,low
CUST00172,New / Promising,8,1,1366.0,5,1,4,10,0.0,0.0,1,1,2,5,Silver,new_launch,medium
CUST00173,Need Attention,79,1,225.12,3,1,1,5,0.0,0.0,0,1,0,10,,bundle_discount,high
CUST00174,Dormant,86,1,168.97,2,1,1,4,0.0,0.0,0,1,0,14,Gold,free_shipping,high
CUST00175,Loyal Customers,59,2,1378.77,3,3,4,10,0.0,0.0,0,2,0,5,,free_shipping,medium
CUST00176,Champions,37,3,3830.31,4,5,5,14,0.0,0.0,0,3,0,12,,bundle_discount,medium
CUST00177,Need Attention,82,1,255.04,3,1,1,5,0.0,0.0,0,1,0,12,,free_shipping,high
CUST00178,High-Value but Unhappy,5,2,1583.88,5,3,4,12,1.0,1.0,2,2,0,10,,none,medium
CUST00179,Champions,38,3,1585.62,4,5,4,13,0.0,0.5,2,2,2,11,Silver,free_shipping,medium
CUST00180,At-Risk High-Value,96,2,1570.85,2,3,4,9,0.5,0.0,0,1,0,9,,welcome_offer,high
CUST00181,New / Promising,6,1,1107.73,5,1,3,9,0.0,0.0,0,1,1,7,Silver,free_shipping,low
CUST00182,New / Promising,31,1,305.3,4,1,1,6,0.0,0.0,0,1,0,12,,none,low
CUST00183,At-Risk High-Value,152,1,1689.98,1,1,4,6,0.0,0.0,0,1,1,1,,free_shipping,high
CUST00184,Champions,14,3,2456.91,5,5,5,15,0.0,0.0,0,2,0,6,Platinum,none,low
CUST00185,At-Risk High-Value,114,2,866.52,2,3,3,8,0.0,0.0,0,2,1,11,,new_launch,high
CUST00186,New / Promising,41,1,714.65,4,1,3,8,0.0,0.0,1,1,0,2,Platinum,none,medium
CUST00187,Dormant,149,1,491.11,1,1,2,4,0.0,0.0,0,1,1,0,,none,high
CUST00188,High-Value but Unhappy,29,2,1880.31,4,3,4,11,0.0,1.0,1,2,0,11,Gold,bundle_discount,medium
CUST00189,Dormant,140,1,574.39,2,1,2,5,0.0,0.0,0,1,0,10,,new_launch,high
CUST00190,New / Promising,6,1,482.88,5,1,2,8,0.0,1.0,1,1,0,6,,free_shipping,medium
CUST00191,New / Promising,28,1,149.0,4,1,1,6,0.0,0.0,0,1,0,6,Silver,welcome_offer,low
CUST00192,Loyal Customers,55,3,2263.95,3,5,5,13,0.0,0.0,0,3,1,8,,none,medium
CUST00193,Dormant,157,1,424.74,1,1,2,4,0.0,0.0,0,1,2,3,,free_shipping,high
CUST00194,Loyal Customers,80,3,2967.67,3,5,5,13,0.333,0.0,1,2,3,13,,none,high
CUST00195,New / Promising,23,1,654.27,4,1,2,7,0.0,1.0,1,1,0,5,,new_launch,medium
CUST00196,High-Value but Unhappy,24,2,1272.38,4,3,4,11,0.0,1.0,1,2,0,1,,free_shipping,medium
CUST00197,High-Value but Unhappy,15,2,2989.16,5,3,5,13,0.0,1.0,1,2,0,11,Silver,bundle_discount,medium
CUST00198,Champions,37,4,4324.83,4,5,5,14,0.0,0.0,0,2,1,1,Silver,new_launch,medium
CUST00199,High-Value but Unhappy,6,4,3273.56,5,5,5,15,0.0,1.0,1,4,0,3,Silver,welcome_offer,medium
CUST00200,Champions,15,3,3726.66,5,5,5,15,0.0,0.0,0,3,4,7,Gold,none,low
CUST00201,Dormant,93,1,598.21,2,1,2,5,0.0,0.0,1,1,0,3,,none,high
CUST00202,At-Risk High-Value,141,1,1220.26,2,1,4,7,0.0,0.0,0,1,1,9,,bundle_discount,high
CUST00203,At-Risk High-Value,114,2,743.3499999999999,2,3,3,8,0.0,0.0,0,2,0,6,,welcome_offer,high
CUST00204,New / Promising,42,1,519.21,4,1,2,7,0.0,0.0,0,1,0,17,Platinum,welcome_offer,medium
CUST00205,Champions,30,3,1548.05,4,5,4,13,0.0,0.0,0,3,0,13,,none,low
CUST00206,At-Risk High-Value,118,2,831.29,2,3,3,8,0.0,0.0,0,2,2,7,Gold,bundle_discount,high
CUST00207,New / Promising,18,1,193.1,5,1,1,7,0.0,0.0,0,1,2,11,,none,low
CUST00208,High-Value but Unhappy,91,4,3282.2999999999997,2,5,5,12,0.0,1.0,1,3,1,2,,free_shipping,high
CUST00209,Dormant,279,0,0.0,1,1,1,3,0.0,0.0,0,0,0,3,,bundle_discount,high
CUST00210,Dormant,128,1,409.67,2,1,2,5,0.0,0.0,0,1,0,3,,none,high
CUST00211,At-Risk High-Value,90,2,3032.55,2,3,5,10,0.0,0.0,0,2,0,4,,bundle_discount,high
CUST00212,Dormant,204,0,0.0,1,1,1,3,0.0,0.0,0,0,1,3,,new_launch,high
CUST00213,High-Value but Unhappy,86,1,1266.34,2,1,4,7,1.0,1.0,1,1,0,2,,bundle_discount,high
CUST00214,Need Attention,64,1,1427.16,3,1,4,8,0.0,0.0,0,1,0,3,,free_shipping,medium
CUST00215,New / Promising,34,1,646.51,4,1,2,7,0.0,0.0,0,1,2,8,Silver,none,low
CUST00216,High-Value but Unhappy,48,1,1349.42,3,1,4,8,1.0,1.0,1,1,0,7,Silver,free_shipping,medium
CUST00217,Loyal Customers,79,2,861.1800000000001,3,3,3,9,0.0,0.0,0,1,0,2,Silver,bundle_discount,high
CUST00218,New / Promising,23,1,713.95,4,1,3,8,0.0,0.0,0,1,0,1,,none,high
CUST00219,At-Risk High-Value,154,2,1225.24,1,3,4,8,0.0,0.0,0,2,1,3,Silver,welcome_offer,high
CUST00220,Loyal Customers,25,2,745.67,4,3,3,10,0.0,0.0,1,2,2,14,,none,medium
CUST00221,Loyal Customers,7,2,781.03,5,3,3,11,0.0,0.0,0,2,2,16,,welcome_offer,low
CUST00222,Dormant,186,0,0.0,1,1,1,3,0.0,0.0,0,0,0,1,,welcome_offer,high
CUST00223,At-Risk High-Value,103,1,757.58,2,1,3,6,0.0,0.0,0,1,0,1,Silver,welcome_offer,high
CUST00224,At-Risk High-Value,89,1,747.2,2,1,3,6,0.0,0.0,0,1,1,1,,free_shipping,high
CUST00225,At-Risk High-Value,88,2,2563.85,2,3,5,10,0.0,0.0,0,2,0,3,Silver,bundle_discount,high
CUST00226,High-Value but Unhappy,54,3,2345.42,3,5,5,13,0.333,1.0,1,1,0,6,Silver,new_launch,medium
CUST00227,At-Risk High-Value,153,1,1070.42,1,1,3,5,0.0,0.0,0,1,0,0,Silver,bundle_discount,high
CUST00228,Loyal Customers,82,3,1343.2,3,5,4,12,0.0,0.0,0,3,2,6,Silver,free_shipping,high
CUST00229,Dormant,92,1,558.95,2,1,2,5,0.0,0.0,0,1,0,8,Silver,new_launch,high
CUST00230,Champions,37,6,6235.96,4,5,5,14,0.0,0.0,0,3,1,17,,none,medium
CUST00231,New / Promising,23,1,397.92,4,1,2,7,0.0,0.0,0,1,0,6,,free_shipping,low
CUST00232,Need Attention,55,1,786.26,3,1,3,7,0.0,0.0,0,1,0,2,,bundle_discount,medium
CUST00233,Dormant,361,0,0.0,1,1,1,3,0.0,0.0,0,0,1,5,,new_launch,high
CUST00234,Loyal Customers,17,2,1421.1,5,3,4,12,0.0,0.0,0,2,0,6,,welcome_offer,low
CUST00235,Dormant,125,1,556.26,2,1,2,5,0.0,0.0,0,1,0,2,,none,high
CUST00236,Need Attention,62,1,782.89,3,1,3,7,0.0,0.0,1,1,0,8,,free_shipping,medium
CUST00237,Champions,15,4,3607.29,5,5,5,15,0.0,0.0,0,2,1,8,Platinum,welcome_offer,low
CUST00238,Need Attention,78,1,643.9,3,1,2,6,0.0,0.0,1,1,0,1,,bundle_discount,high
CUST00239,Dormant,320,0,0.0,1,1,1,3,0.0,0.0,0,0,0,4,Silver,bundle_discount,high
CUST00240,Loyal Customers,56,2,2277.31,3,3,5,11,0.0,0.0,1,2,0,4,Silver,bundle_discount,medium
CUST00241,Loyal Customers,6,2,2710.9300000000003,5,3,5,13,0.0,0.0,0,2,1,12,,new_launch,low
CUST00242,Loyal Customers,82,3,2195.42,3,5,5,13,0.0,0.0,0,2,5,11,,none,high
CUST00243,Need Attention,69,1,444.6,3,1,2,6,1.0,0.0,1,1,0,3,Gold,free_shipping,medium
CUST00244,At-Risk High-Value,144,2,2449.86,2,3,5,10,0.0,0.0,0,1,0,1,,welcome_offer,high
CUST00245,Loyal Customers,73,2,1245.78,3,3,4,10,0.0,0.0,0,2,4,6,Platinum,free_shipping,medium
CUST00246,Loyal Customers,52,2,852.1000000000001,3,4,3,10,0.0,1.0,1,2,1,6,Silver,none,medium
CUST00247,Loyal Customers,57,2,937.3199999999999,3,4,3,10,0.0,0.0,0,1,2,5,,bundle_discount,medium
CUST00248,Loyal Customers,71,3,1182.12,3,5,4,12,0.0,0.0,0,3,0,2,,none,medium
CUST00249,Dormant,162,1,244.33,1,1,1,3,0.0,0.0,0,1,1,5,Silver,free_shipping,high
CUST00250,New / Promising,35,1,837.19,4,1,3,8,0.0,0.0,0,1,0,6,Silver,new_launch,low
CUST00251,New / Promising,41,1,966.73,4,1,3,8,1.0,1.0,1,1,0,14,,free_shipping,medium
CUST00252,Dormant,190,0,0.0,1,1,1,3,0.0,0.0,0,0,2,4,Silver,free_shipping,high
CUST00253,Dormant,191,0,0.0,1,1,1,3,0.0,0.0,0,0,1,3,Platinum,new_launch,high
CUST00254,Dormant,183,0,0.0,1,1,1,3,0.0,0.0,0,0,1,4,,free_shipping,high
CUST00255,High-Value but Unhappy,22,4,2792.14,4,5,5,14,0.25,1.0,1,4,1,10,,bundle_discount,medium
CUST00256,Dormant,181,0,0.0,1,1,1,3,0.0,0.0,0,0,0,1,,free_shipping,high
CUST00257,Loyal Customers,55,2,1042.47,3,4,3,10,0.0,0.0,0,2,0,7,,free_shipping,medium
CUST00258,Champions,42,3,2284.5,4,5,5,14,0.0,0.0,0,2,0,7,,free_shipping,medium
CUST00259,Dormant,192,0,0.0,1,1,1,3,0.0,0.0,0,0,0,0,,new_launch,high
CUST00260,Champions,2,2,1820.81,5,4,4,13,0.0,0.0,0,1,0,7,,bundle_discount,low
CUST00261,Need Attention,51,1,350.44,3,1,1,5,0.0,0.0,0,1,0,0,,free_shipping,high
CUST00262,Champions,9,2,1318.44,5,4,4,13,0.0,0.0,0,2,0,5,Silver,new_launch,low
CUST00263,High-Value but Unhappy,25,3,1618.39,4,5,4,13,0.667,0.0,2,3,2,15,Platinum,welcome_offer,medium
CUST00264,Loyal Customers,31,2,671.0999999999999,4,4,2,10,0.0,0.0,1,2,1,7,Silver,free_shipping,medium
CUST00265,Need Attention,77,1,510.24,3,1,2,6,0.0,0.0,0,1,0,7,Gold,none,high
CUST00266,At-Risk High-Value,158,2,2193.5499999999997,1,4,5,10,0.5,0.0,0,1,0,1,,new_launch,high
CUST00267,New / Promising,29,1,441.97,4,1,2,7,0.0,0.0,1,1,0,8,,new_launch,medium
CUST00268,Champions,9,2,1517.09,5,4,4,13,0.0,0.0,1,2,1,6,,welcome_offer,medium
CUST00269,Champions,30,3,2563.9300000000003,4,5,5,14,0.0,0.0,0,3,1,11,,new_launch,low
CUST00270,Loyal Customers,75,2,968.72,3,4,3,10,0.0,0.0,0,2,2,8,Silver,bundle_discount,medium
CUST00271,Champions,32,2,1421.17,4,4,4,12,0.0,0.0,0,1,0,1,,new_launch,low
CUST00272,Champions,12,5,3882.03,5,5,5,15,0.0,0.0,0,3,0,7,Gold,bundle_discount,low
CUST00273,Champions,13,5,4433.41,5,5,5,15,0.0,0.0,0,2,1,7,,welcome_offer,low
CUST00274,Need Attention,71,1,695.0,3,1,3,7,0.0,0.0,0,1,0,1,,bundle_discount,high
CUST00275,Dormant,241,0,0.0,1,1,1,3,0.0,0.0,0,0,1,5,Silver,new_launch,high
CUST00276,Loyal Customers,47,2,3495.3,3,4,5,12,0.0,0.0,0,2,1,9,Silver,free_shipping,medium
CUST00277,New / Promising,2,1,304.61,5,1,1,7,0.0,0.0,0,1,0,2,Silver,none,low
CUST00278,Need Attention,69,1,339.56,3,1,1,5,0.0,0.0,1,1,0,7,,bundle_discount,medium
CUST00279,Champions,12,3,2035.77,5,5,5,15,0.0,0.0,0,2,2,9,,none,low
CUST00280,Champions,10,2,1858.49,5,4,4,13,0.0,0.0,0,2,0,6,,welcome_offer,low
CUST00281,Loyal Customers,35,2,1161.06,4,4,3,11,0.0,0.0,0,2,0,3,,new_launch,low
CUST00282,Dormant,296,0,0.0,1,1,1,3,0.0,0.0,0,0,0,1,,new_launch,high
CUST00283,High-Value but Unhappy,18,3,2546.58,5,5,5,15,0.0,1.0,1,2,0,8,Silver,none,medium
CUST00284,Dormant,291,0,0.0,1,1,1,3,0.0,0.0,0,0,1,1,Silver,new_launch,high
CUST00285,Loyal Customers,13,2,1070.21,5,4,3,12,0.0,0.0,0,1,0,10,,bundle_discount,low
CUST00286,Dormant,369,0,0.0,1,1,1,3,0.0,0.0,0,0,1,1,Silver,free_shipping,high
CUST00287,Loyal Customers,69,2,2536.41,3,4,5,12,0.0,0.0,0,2,1,8,Silver,none,medium
CUST00288,At-Risk High-Value,110,2,1096.1,2,4,3,9,0.0,0.0,0,1,0,1,,new_launch,high
CUST00289,Loyal Customers,5,2,811.06,5,4,3,12,0.0,0.0,0,2,0,5,,none,low
CUST00290,New / Promising,9,1,251.16,5,1,1,7,0.0,1.0,1,1,0,6,Silver,new_launch,medium
CUST00291,Need Attention,58,1,1708.29,3,1,4,8,0.0,0.0,1,1,1,4,Gold,welcome_offer,medium
CUST00292,New / Promising,43,1,657.91,4,1,2,7,1.0,0.0,1,1,2,6,,none,medium
CUST00293,Dormant,230,0,0.0,1,1,1,3,0.0,0.0,0,0,0,3,Gold,new_launch,high
CUST00294,At-Risk High-Value,102,1,1714.42,2,1,4,7,0.0,0.0,0,1,6,15,Platinum,bundle_discount,high
CUST00295,New / Promising,16,1,556.31,5,1,2,8,0.0,0.0,0,1,0,2,,free_shipping,low
CUST00296,Dormant,132,1,560.55,2,1,2,5,0.0,0.0,0,1,0,2,Gold,none,high
CUST00297,At-Risk High-Value,154,1,1130.29,1,1,3,5,0.0,0.0,0,1,2,13,Platinum,welcome_offer,high
CUST00298,Dormant,201,0,0.0,1,1,1,3,0.0,0.0,0,0,2,6,,new_launch,high
CUST00299,Dormant,343,0,0.0,1,1,1,3,0.0,0.0,0,0,0,0,,free_shipping,high
CUST00300,New / Promising,5,1,459.9,5,1,2,8,0.0,0.0,0,1,0,5,Platinum,none,low
CUST00301,High-Value but Unhappy,9,2,1279.6,5,4,4,13,0.0,1.0,1,1,0,7,Gold,welcome_offer,medium
CUST00302,At-Risk High-Value,148,2,1740.35,1,4,4,9,0.5,0.0,0,2,2,4,Silver,new_launch,high
CUST00303,Loyal Customers,48,2,1965.56,3,4,5,12,0.0,0.0,0,2,1,6,,none,medium
CUST00304,At-Risk High-Value,87,2,1687.98,2,4,4,10,0.0,0.0,0,2,3,4,,new_launch,high
CUST00305,Dormant,166,1,531.59,1,1,2,4,0.0,0.0,0,1,0,6,Silver,welcome_offer,high
CUST00306,Champions,19,3,2579.1600000000003,5,5,5,15,0.0,0.0,1,2,2,2,,welcome_offer,medium
CUST00307,New / Promising,32,1,307.42,4,1,1,6,1.0,0.0,1,1,0,0,Gold,none,high
CUST00308,Loyal Customers,66,2,1535.15,3,4,4,11,0.0,0.0,0,1,1,7,Platinum,none,medium
CUST00309,New / Promising,8,1,1014.02,5,1,3,9,0.0,0.0,0,1,1,13,,none,low
CUST00310,New / Promising,22,1,578.27,4,1,2,7,1.0,1.0,1,1,0,5,,bundle_discount,medium
CUST00311,Need Attention,48,1,1336.82,3,1,4,8,0.0,0.0,0,1,0,4,Silver,free_shipping,medium
CUST00312,Need Attention,64,1,486.27,3,1,2,6,0.0,0.0,0,1,0,9,,free_shipping,medium
CUST00313,At-Risk High-Value,162,1,769.77,1,1,3,5,0.0,0.0,0,1,0,16,,free_shipping,high
CUST00314,New / Promising,16,1,560.98,5,1,2,8,0.0,0.0,0,1,0,0,,welcome_offer,high
CUST00315,Champions,17,6,6768.080000000001,5,5,5,15,0.0,0.0,0,4,4,11,Platinum,free_shipping,low
CUST00316,At-Risk High-Value,97,2,1079.82,2,4,3,9,0.5,0.0,0,2,2,1,Silver,new_launch,high
CUST00317,At-Risk High-Value,100,1,1353.24,2,1,4,7,0.0,0.0,0,1,0,8,,none,high
CUST00318,Loyal Customers,47,2,1908.68,3,4,5,12,0.0,0.0,0,2,0,2,Silver,none,medium
CUST00319,Dormant,147,1,460.74,2,1,2,5,0.0,0.0,0,1,0,0,Silver,bundle_discount,high
CUST00320,Champions,25,3,1395.26,4,5,4,13,0.0,0.0,0,2,1,10,,none,low
CUST00321,At-Risk High-Value,116,2,1114.17,2,4,3,9,0.0,0.0,0,2,2,1,Silver,bundle_discount,high
CUST00322,Champions,4,5,3351.86,5,5,5,15,0.0,0.0,0,2,0,5,Silver,new_launch,low
CUST00323,Champions,5,2,2509.86,5,4,5,14,0.0,0.0,0,2,0,6,Gold,welcome_offer,low
CUST00324,Dormant,274,0,0.0,1,1,1,3,0.0,0.0,0,0,0,0,,new_launch,high
CUST00325,Champions,44,3,3542.89,4,5,5,14,0.0,0.0,0,2,1,6,,welcome_offer,medium
CUST00326,Dormant,124,1,471.14,2,1,2,5,0.0,0.0,0,1,3,7,Platinum,none,high
CUST00327,New / Promising,2,1,367.29,5,1,1,7,0.0,0.0,0,1,1,7,Gold,bundle_discount,low
CUST00328,Dormant,322,0,0.0,1,1,1,3,0.0,0.0,0,0,0,2,,bundle_discount,high
CUST00329,New / Promising,1,1,299.28,5,1,1,7,0.0,0.0,0,1,0,1,Gold,welcome_offer,high
CUST00330,Loyal Customers,74,3,1307.8000000000002,3,5,4,12,0.0,0.0,1,2,0,1,Gold,none,medium
CUST00331,Dormant,151,1,505.92,1,1,2,4,0.0,0.0,0,1,0,1,Silver,free_shipping,high
CUST00332,High-Value but Unhappy,24,2,2059.8,4,4,5,13,0.5,1.0,2,1,0,0,Silver,bundle_discount,medium
CUST00333,Need Attention,75,1,870.15,3,1,3,7,0.0,0.0,0,1,0,3,,new_launch,medium
CUST00334,Need Attention,85,1,731.49,3,1,3,7,1.0,0.0,1,1,0,2,Silver,new_launch,high
CUST00335,At-Risk High-Value,148,2,1328.1399999999999,1,4,4,9,0.0,0.0,0,1,1,7,,free_shipping,high
CUST00336,Loyal Customers,29,2,1156.25,4,4,3,11,0.0,0.0,0,2,0,5,,new_launch,low
CUST00337,Champions,7,2,1887.73,5,4,5,14,0.0,0.0,1,2,0,2,,welcome_offer,medium
CUST00338,New / Promising,12,1,887.38,5,1,3,9,1.0,1.0,1,1,0,6,,bundle_discount,medium
CUST00339,Dormant,92,1,465.18,2,1,2,5,0.0,0.0,0,1,0,13,Silver,free_shipping,high
CUST00340,Champions,46,3,1900.4,4,5,5,14,0.333,0.0,0,3,1,8,Gold,new_launch,medium
CUST00341,New / Promising,19,1,790.16,5,1,3,9,0.0,0.0,0,1,0,11,,none,low
CUST00342,High-Value but Unhappy,1,2,2309.31,5,4,5,14,0.0,1.0,1,1,0,9,Gold,free_shipping,medium
CUST00343,Dormant,94,1,410.91,2,1,2,5,0.0,0.0,0,1,1,7,,none,high
CUST00344,Dormant,189,0,0.0,1,1,1,3,0.0,0.0,0,0,0,5,Silver,welcome_offer,high
CUST00345,Champions,3,3,3946.38,5,5,5,15,0.0,0.0,0,2,0,15,Silver,bundle_discount,low
CUST00346,Need Attention,72,1,494.2,3,1,2,6,0.0,0.0,0,1,1,13,,new_launch,medium
CUST00347,Dormant,184,0,0.0,1,1,1,3,0.0,0.0,0,0,1,8,,new_launch,high
CUST00348,Champions,1,3,2509.74,5,5,5,15,0.0,0.0,0,3,2,14,Silver,new_launch,low
CUST00349,Loyal Customers,74,3,2183.21,3,5,5,13,0.0,0.0,0,2,0,2,Silver,none,medium
CUST00350,New / Promising,41,1,537.51,4,1,2,7,0.0,0.0,0,1,0,18,,free_shipping,medium
CUST00351,High-Value but Unhappy,9,3,2713.2200000000003,5,5,5,15,0.333,1.0,1,2,0,4,Silver,none,medium
CUST00352,New / Promising,27,1,1000.77,4,1,3,8,0.0,0.0,0,1,1,13,Silver,new_launch,low
CUST00353,At-Risk High-Value,118,2,753.9200000000001,2,4,3,9,0.0,0.0,0,1,1,4,,free_shipping,high
CUST00354,Loyal Customers,36,2,1158.36,4,4,3,11,0.0,0.0,0,2,1,4,,none,medium
CUST00355,At-Risk High-Value,171,1,715.18,1,1,3,5,0.0,0.0,0,1,2,4,Gold,new_launch,high
CUST00356,Champions,7,4,2192.5699999999997,5,5,5,15,0.0,0.0,0,4,1,10,,new_launch,low
CUST00357,New / Promising,42,1,513.15,4,1,2,7,0.0,1.0,1,1,1,9,Silver,new_launch,medium
CUST00358,At-Risk High-Value,101,2,1523.3600000000001,2,4,4,10,0.0,0.0,0,2,0,4,,free_shipping,high
CUST00359,Champions,3,3,2276.09,5,5,5,15,0.0,0.0,0,3,0,0,,none,low
CUST00360,New / Promising,2,1,1731.67,5,1,4,10,0.0,0.0,0,1,0,1,,bundle_discount,high
CUST00361,Dormant,169,1,361.04,1,1,1,3,1.0,0.0,0,1,1,3,,new_launch,high
CUST00362,Champions,23,3,1795.3,4,5,4,13,0.0,0.0,0,3,0,12,Gold,none,low
CUST00363,New / Promising,27,1,413.99,4,1,2,7,0.0,1.0,1,1,0,2,,none,medium
CUST00364,Dormant,359,0,0.0,1,1,1,3,0.0,0.0,0,0,0,0,,new_launch,high
CUST00365,At-Risk High-Value,158,1,1015.06,1,1,3,5,0.0,0.0,0,1,0,7,,bundle_discount,high
CUST00366,At-Risk High-Value,92,2,3930.92,2,4,5,11,0.0,0.0,0,2,0,2,,none,high
CUST00367,Dormant,212,0,0.0,1,1,1,3,0.0,0.0,0,0,1,1,Silver,none,high
CUST00368,Need Attention,55,1,348.81,3,1,1,5,1.0,1.0,1,1,0,7,,none,medium
CUST00369,Need Attention,71,1,910.05,3,1,3,7,0.0,0.0,0,1,1,7,,new_launch,medium
CUST00370,Dormant,172,1,452.14,1,1,2,4,0.0,0.0,0,1,1,8,Platinum,new_launch,high
CUST00371,At-Risk High-Value,124,1,912.11,2,1,3,6,0.0,0.0,0,1,0,4,,welcome_offer,high
CUST00372,Need Attention,56,1,431.11,3,1,2,6,0.0,0.0,1,1,0,2,,welcome_offer,medium
CUST00373,Loyal Customers,73,2,1612.8899999999999,3,4,4,11,0.0,0.0,0,2,1,9,Silver,none,medium
CUST00374,Dormant,219,0,0.0,1,1,1,3,0.0,0.0,0,0,3,0,,none,high
CUST00375,Loyal Customers,85,2,812.45,3,4,3,10,0.0,1.0,1,2,0,2,,free_shipping,high
CUST00376,Champions,45,2,1345.22,4,4,4,12,0.0,0.0,0,2,0,5,,new_launch,medium
CUST00377,Loyal Customers,80,3,1386.54,3,5,4,12,0.0,0.0,0,2,0,10,,free_shipping,high
CUST00378,At-Risk High-Value,99,1,1622.32,2,1,4,7,0.0,0.0,0,1,0,4,,bundle_discount,high
CUST00379,Need Attention,75,1,538.25,3,1,2,6,0.0,0.0,0,1,0,2,,bundle_discount,medium
CUST00380,Champions,39,3,1274.45,4,5,4,13,0.0,0.0,0,3,0,8,Silver,new_launch,medium
CUST00381,Dormant,182,0,0.0,1,1,1,3,0.0,0.0,0,0,0,2,Gold,free_shipping,high
CUST00382,Loyal Customers,45,2,766.55,4,4,3,11,0.0,0.0,0,2,0,6,Gold,bundle_discount,medium
CUST00383,High-Value but Unhappy,8,5,2977.2799999999997,5,5,5,15,0.2,1.0,1,3,1,14,Gold,none,medium
CUST00384,New / Promising,26,1,470.31,4,1,2,7,0.0,0.0,0,1,0,0,,bundle_discount,high
CUST00385,Loyal Customers,63,3,1877.75,3,5,4,12,0.0,0.0,0,2,1,6,Silver,none,medium
CUST00386,Champions,0,2,1407.4099999999999,5,4,4,13,0.0,0.0,0,2,2,13,,bundle_discount,low
CUST00387,New / Promising,40,1,721.21,4,1,3,8,0.0,0.0,0,1,0,1,Silver,free_shipping,high
CUST00388,New / Promising,37,1,528.39,4,1,2,7,0.0,0.0,0,1,3,6,Silver,bundle_discount,medium
CUST00389,High-Value but Unhappy,14,5,3373.19,5,5,5,15,0.0,1.0,1,2,2,11,,new_launch,medium
CUST00390,High-Value but Unhappy,54,2,1639.4299999999998,3,4,4,11,0.0,1.0,1,2,1,4,Silver,none,medium
CUST00391,Champions,1,2,2384.79,5,4,5,14,0.0,0.0,0,2,0,4,Silver,none,low
CUST00392,At-Risk High-Value,133,1,716.98,2,1,3,6,0.0,0.0,0,1,1,4,Silver,free_shipping,high
CUST00393,Champions,12,2,2231.04,5,4,5,14,0.0,0.0,1,2,1,5,,new_launch,medium
CUST00394,New / Promising,1,1,404.19,5,1,2,8,0.0,1.0,1,1,0,12,Gold,new_launch,medium
CUST00395,New / Promising,35,1,633.86,4,1,2,7,0.0,0.0,0,1,0,12,Platinum,welcome_offer,low
CUST00396,High-Value but Unhappy,10,5,3031.7799999999997,5,5,5,15,0.0,1.0,1,4,2,10,,welcome_offer,medium
CUST00397,High-Value but Unhappy,79,1,1203.27,3,1,4,8,0.0,1.0,1,1,2,3,,free_shipping,high
CUST00398,High-Value but Unhappy,8,3,2505.73,5,5,5,15,0.0,1.0,1,3,0,11,Gold,bundle_discount,medium
CUST00399,Dormant,262,0,0.0,1,1,1,3,0.0,0.0,0,0,0,3,Silver,free_shipping,high
CUST00400,Discount-Dependent,44,1,402.05,4,2,2,8,0.0,0.0,0,1,0,9,Gold,none,medium
CUST00401,Need Attention,66,1,568.99,3,2,2,7,0.0,0.0,1,1,0,2,Silver,welcome_offer,medium
CUST00402,Dormant,132,1,192.19,2,2,1,5,0.0,0.0,0,1,1,1,Gold,none,high
CUST00403,Champions,21,2,2029.3200000000002,4,4,5,13,0.0,0.0,0,2,1,15,,none,low
CUST00404,Dormant,193,0,0.0,1,1,1,3,0.0,0.0,0,0,1,1,Gold,none,high
CUST00405,Discount-Dependent,2,1,282.03,5,2,1,8,1.0,1.0,1,1,0,4,,new_launch,medium
CUST00406,Loyal Customers,10,3,997.27,5,5,3,13,0.0,0.0,1,1,0,10,,new_launch,medium
CUST00407,Discount-Dependent,18,1,1569.01,5,2,4,11,0.0,0.0,0,1,0,0,,bundle_discount,high
CUST00408,Need Attention,40,1,729.14,4,2,3,9,0.0,0.0,0,1,1,0,,free_shipping,high
CUST00409,Loyal Customers,58,3,1404.08,3,5,4,12,0.333,0.0,1,3,1,11,,free_shipping,medium
CUST00410,Champions,1,2,1365.22,5,4,4,13,0.0,0.0,1,2,0,16,Gold,none,medium
CUST00411,Dormant,253,0,0.0,1,1,1,3,0.0,0.0,0,0,0,1,,welcome_offer,high
CUST00412,Dormant,529,0,0.0,1,1,1,3,0.0,0.0,0,0,0,0,,none,high
CUST00413,Discount-Dependent,26,1,220.96,4,2,1,7,0.0,1.0,1,1,0,16,Platinum,new_launch,medium
CUST00414,Discount-Dependent,3,1,311.44,5,2,1,8,1.0,1.0,1,1,1,5,,none,medium
CUST00415,At-Risk High-Value,120,1,1236.13,2,2,4,8,0.0,0.0,0,1,2,1,,bundle_discount,high
CUST00416,Loyal Customers,28,2,1020.28,4,4,3,11,0.0,0.0,1,2,0,4,Silver,free_shipping,medium
CUST00417,Dormant,151,1,611.96,1,2,2,5,0.0,0.0,0,1,1,0,,welcome_offer,high
CUST00418,High-Value but Unhappy,5,2,1919.75,5,4,5,14,0.0,1.0,1,2,2,8,,welcome_offer,medium
CUST00419,At-Risk High-Value,98,2,1795.1,2,4,4,10,0.0,0.0,0,1,1,12,,new_launch,high
CUST00420,Need Attention,18,1,1380.99,5,2,4,11,0.0,0.0,0,1,0,14,,none,low
CUST00421,Discount-Dependent,0,1,1547.12,5,2,4,11,0.0,0.0,0,1,0,4,,free_shipping,low
CUST00422,Dormant,125,1,664.17,2,2,2,6,0.0,0.0,0,1,0,7,Platinum,new_launch,high
CUST00423,At-Risk High-Value,135,2,1922.8899999999999,2,4,5,11,0.0,0.0,0,2,0,1,Silver,new_launch,high
CUST00424,Dormant,113,1,625.54,2,2,2,6,0.0,0.0,0,1,1,5,,bundle_discount,high
CUST00425,At-Risk High-Value,113,2,1502.44,2,4,4,10,0.0,0.0,0,2,2,12,,new_launch,high
CUST00426,Discount-Dependent,77,1,718.2,3,2,3,8,0.0,0.0,0,1,0,8,,new_launch,high
CUST00427,Loyal Customers,1,2,331.53,5,4,1,10,0.5,1.0,1,2,0,4,Silver,new_launch,medium
CUST00428,Loyal Customers,74,2,810.98,3,4,3,10,0.0,0.0,0,1,0,1,,bundle_discount,medium
CUST00429,Need Attention,6,1,432.48,5,2,2,9,0.0,1.0,1,1,2,13,Silver,new_launch,medium
CUST00430,Champions,22,3,2369.81,4,5,5,14,0.0,0.0,0,3,0,0,Silver,none,low
CUST00431,At-Risk High-Value,154,2,903.65,1,4,3,8,0.0,0.0,0,1,1,1,Gold,free_shipping,high
CUST00432,At-Risk High-Value,112,2,2306.14,2,4,5,11,0.0,0.0,0,1,0,9,,welcome_offer,high
CUST00433,Loyal Customers,36,2,1032.26,4,4,3,11,0.0,0.0,1,1,0,10,Silver,free_shipping,medium
CUST00434,Dormant,293,0,0.0,1,1,1,3,0.0,0.0,0,0,1,2,,bundle_discount,high
CUST00435,Dormant,200,0,0.0,1,1,1,3,0.0,0.0,0,0,1,1,Silver,free_shipping,high
CUST00436,Loyal Customers,49,3,2100.42,3,5,5,13,0.0,0.0,0,2,0,2,,none,medium
CUST00437,At-Risk High-Value,151,1,729.22,1,2,3,6,0.0,0.0,0,1,0,0,Silver,free_shipping,high
CUST00438,High-Value but Unhappy,64,3,2466.39,3,5,5,13,1.0,1.0,2,3,2,6,Platinum,new_launch,medium
CUST00439,Dormant,119,1,501.55,2,2,2,6,0.0,0.0,0,1,0,7,Silver,new_launch,high
CUST00440,Discount-Dependent,64,1,325.03,3,2,1,6,0.0,1.0,1,1,0,5,Silver,none,medium
CUST00441,Dormant,211,0,0.0,1,1,1,3,0.0,0.0,0,0,0,1,Silver,free_shipping,high
CUST00442,Loyal Customers,69,3,1148.99,3,5,3,11,0.0,0.0,0,1,0,2,Gold,none,medium
CUST00443,Dormant,265,0,0.0,1,1,1,3,0.0,0.0,0,0,0,2,,none,high
CUST00444,Dormant,232,0,0.0,1,1,1,3,0.0,0.0,0,0,1,1,,free_shipping,high
CUST00445,Discount-Dependent,26,1,1594.8,4,2,4,10,0.0,0.0,0,1,1,4,Silver,bundle_discount,low
CUST00446,Discount-Dependent,26,1,521.16,4,2,2,8,0.0,0.0,0,1,0,9,,welcome_offer,low
CUST00447,Champions,36,6,2647.85,4,5,5,14,0.167,0.5,2,2,1,6,,none,medium
CUST00448,Dormant,136,1,678.51,2,2,2,6,0.0,0.0,0,1,3,11,,free_shipping,high
CUST00449,Dormant,209,0,0.0,1,1,1,3,0.0,0.0,0,0,0,1,,free_shipping,high
CUST00450,Need Attention,44,1,862.9,4,2,3,9,0.0,0.0,0,1,0,5,Silver,free_shipping,medium
CUST00451,Champions,29,2,2306.23,4,4,5,13,0.0,0.0,0,1,0,3,Silver,none,low
CUST00452,Dormant,256,0,0.0,1,1,1,3,0.0,0.0,0,0,0,2,,none,high
CUST00453,High-Value but Unhappy,17,4,3032.93,5,5,5,15,0.0,1.0,1,4,0,1,Silver,welcome_offer,medium
CUST00454,Champions,13,3,1507.7800000000002,5,5,4,14,0.0,0.0,2,2,1,17,Platinum,new_launch,medium
CUST00455,Dormant,273,0,0.0,1,1,1,3,0.0,0.0,0,0,0,0,,bundle_discount,high
CUST00456,At-Risk High-Value,147,1,1052.09,2,2,3,7,0.0,0.0,0,1,1,0,,bundle_discount,high
CUST00457,Dormant,321,0,0.0,1,1,1,3,0.0,0.0,0,0,0,1,,free_shipping,high
CUST00458,Champions,4,2,1371.81,5,4,4,13,0.0,0.0,0,2,0,4,Gold,welcome_offer,low
CUST00459,Dormant,237,0,0.0,1,1,1,3,0.0,0.0,0,0,0,5,,new_launch,high
CUST00460,High-Value but Unhappy,19,5,3252.95,5,5,5,15,0.2,1.0,1,4,1,8,,free_shipping,medium
CUST00461,Dormant,194,0,0.0,1,1,1,3,0.0,0.0,0,0,1,3,,none,high
CUST00462,Discount-Dependent,35,1,744.65,4,2,3,9,0.0,0.0,0,1,0,2,,welcome_offer,low
CUST00463,Champions,29,3,3822.5,4,5,5,14,0.0,0.0,0,3,0,0,,new_launch,low
CUST00464,At-Risk High-Value,106,3,1513.01,2,5,4,11,0.0,0.0,0,3,1,6,Platinum,none,high
CUST00465,At-Risk High-Value,177,1,1298.74,1,2,4,7,0.0,0.0,0,1,1,3,,none,high
CUST00466,Champions,25,5,3048.0099999999998,4,5,5,14,0.2,0.0,0,2,2,9,Gold,welcome_offer,low
CUST00467,Need Attention,3,1,487.76,5,2,2,9,0.0,0.0,0,1,1,7,Silver,none,low
CUST00468,Dormant,198,0,0.0,1,1,1,3,0.0,0.0,0,0,1,1,Platinum,none,high
CUST00469,Champions,19,3,1886.95,5,5,4,14,0.0,0.0,0,1,0,8,,free_shipping,low
CUST00470,Dormant,166,1,218.29,1,2,1,4,0.0,0.0,0,1,0,1,Silver,free_shipping,high
CUST00471,Dormant,126,1,307.23,2,2,1,5,0.0,0.0,0,1,0,5,,none,high
CUST00472,At-Risk High-Value,114,1,1728.07,2,2,4,8,0.0,0.0,0,1,0,0,,none,high
CUST00473,At-Risk High-Value,121,2,1291.76,2,4,4,10,0.5,0.0,0,2,0,0,Silver,bundle_discount,high
CUST00474,Champions,22,3,1652.35,4,5,4,13,0.333,0.0,0,3,0,5,,free_shipping,low
CUST00475,Loyal Customers,39,2,822.8699999999999,4,4,3,11,0.0,0.0,0,1,0,2,,none,medium
CUST00476,Dormant,140,1,335.33,2,2,1,5,0.0,0.0,0,1,0,6,Platinum,bundle_discount,high
CUST00477,Loyal Customers,60,2,1480.1599999999999,3,4,4,11,0.0,0.0,0,2,1,2,,bundle_discount,medium
CUST00478,Loyal Customers,31,2,862.04,4,4,3,11,0.0,0.0,0,2,1,8,Silver,welcome_offer,low
CUST00479,Dormant,269,0,0.0,1,1,1,3,0.0,0.0,0,0,0,5,,bundle_discount,high
CUST00480,Dormant,148,1,491.6,1,2,2,5,0.0,0.0,0,1,0,2,Gold,bundle_discount,high
CUST00481,Loyal Customers,43,2,934.12,4,4,3,11,0.0,0.0,0,2,1,10,Gold,free_shipping,medium
CUST00482,Discount-Dependent,32,1,961.86,4,2,3,9,0.0,0.0,0,1,1,15,Silver,none,low
CUST00483,At-Risk High-Value,107,2,1258.46,2,4,4,10,0.0,0.0,0,2,0,3,Gold,new_launch,high
CUST00484,High-Value but Unhappy,62,2,1741.75,3,4,4,11,0.0,1.0,1,1,0,9,,free_shipping,medium
CUST00485,Dormant,228,0,0.0,1,1,1,3,0.0,0.0,0,0,1,1,,new_launch,high
CUST00486,Need Attention,44,1,810.16,4,2,3,9,0.0,0.0,0,1,0,10,,new_launch,medium
CUST00487,Discount-Dependent,29,1,617.91,4,2,2,8,0.0,0.0,1,1,0,2,Silver,new_launch,medium
CUST00488,Dormant,217,0,0.0,1,1,1,3,0.0,0.0,0,0,1,8,Silver,free_shipping,high
CUST00489,Dormant,210,0,0.0,1,1,1,3,0.0,0.0,0,0,0,10,Gold,bundle_discount,high
CUST00490,Need Attention,7,1,557.54,5,2,2,9,1.0,1.0,1,1,1,8,,welcome_offer,medium
CUST00491,Dormant,97,1,540.89,2,2,2,6,1.0,0.0,1,1,1,10,Silver,none,high
CUST00492,Discount-Dependent,61,1,509.57,3,2,2,7,0.0,0.0,0,1,0,0,,welcome_offer,high
CUST00493,At-Risk High-Value,108,2,1757.06,2,4,4,10,0.5,0.0,0,2,3,10,Silver,new_launch,high
CUST00494,Need Attention,11,1,660.15,5,2,2,9,0.0,0.0,0,1,0,6,,bundle_discount,low
CUST00495,Champions,45,2,2001.5900000000001,4,4,5,13,0.0,0.0,0,1,0,4,Silver,welcome_offer,medium
CUST00496,Discount-Dependent,35,1,1586.18,4,2,4,10,0.0,0.0,0,1,0,4,,welcome_offer,low
CUST00497,At-Risk High-Value,159,1,1724.62,1,2,4,7,0.0,0.0,0,1,2,1,,none,high
CUST00498,Loyal Customers,24,2,970.31,4,4,3,11,0.0,0.0,0,2,0,3,,new_launch,low
CUST00499,Need Attention,18,1,1553.47,5,2,4,11,0.0,0.0,0,1,0,1,Silver,none,high
CUST00500,Champions,43,2,2352.5,4,4,5,13,0.0,0.0,0,2,1,10,,bundle_discount,medium
CUST00501,High-Value but Unhappy,20,4,2834.75,5,5,5,15,0.0,1.0,1,3,0,4,Gold,none,medium
CUST00502,Champions,17,2,1615.2400000000002,5,4,4,13,0.0,0.0,0,2,0,13,,none,low
CUST00503,Loyal Customers,48,3,2246.7,3,5,5,13,0.0,0.5,2,3,0,4,Gold,free_shipping,medium
CUST00504,Need Attention,15,1,1602.01,5,2,4,11,0.0,0.0,0,1,2,9,,new_launch,low
CUST00505,At-Risk High-Value,125,1,1027.23,2,2,3,7,0.0,0.0,0,1,1,9,,new_launch,high
CUST00506,Champions,38,3,2912.1,4,5,5,14,0.0,0.0,0,3,1,0,Platinum,bundle_discount,medium
CUST00507,At-Risk High-Value,120,1,2716.4,2,2,5,9,0.0,0.0,0,1,0,1,Silver,free_shipping,high
CUST00508,At-Risk High-Value,148,1,717.51,1,2,3,6,0.0,0.0,0,1,0,6,,new_launch,high
CUST00509,Discount-Dependent,21,1,954.21,4,2,3,9,0.0,0.0,0,1,1,9,,bundle_discount,low
CUST00510,Dormant,162,1,531.36,1,2,2,5,0.0,0.0,0,1,1,4,,welcome_offer,high
CUST00511,High-Value but Unhappy,5,2,1447.75,5,4,4,13,0.0,1.0,1,2,0,18,Silver,new_launch,medium
CUST00512,Champions,16,4,2468.63,5,5,5,15,0.0,0.0,1,3,0,6,Silver,new_launch,medium
CUST00513,Champions,27,4,2536.83,4,5,5,14,0.0,0.0,1,2,0,6,,none,medium
CUST00514,At-Risk High-Value,93,1,1687.55,2,2,4,8,0.0,0.0,0,1,4,11,,free_shipping,high
CUST00515,Champions,6,2,1540.13,5,4,4,13,0.0,0.0,0,1,0,2,,bundle_discount,low
CUST00516,Need Attention,27,1,623.59,4,2,2,8,0.0,0.0,0,1,2,9,Platinum,bundle_discount,low
CUST00517,Need Attention,59,1,612.95,3,2,2,7,0.0,0.0,0,1,3,2,,new_launch,medium
CUST00518,Need Attention,23,1,226.9,4,2,1,7,0.0,0.0,0,1,0,5,Gold,none,low
CUST00519,Discount-Dependent,81,1,412.42,3,2,2,7,0.0,0.0,0,1,0,0,Gold,bundle_discount,high
CUST00520,Need Attention,2,1,503.98,5,2,2,9,0.0,0.0,0,1,2,2,,new_launch,low
CUST00521,High-Value but Unhappy,42,6,2945.06,4,5,5,14,0.0,1.0,1,3,3,5,,bundle_discount,medium
CUST00522,Dormant,462,0,0.0,1,1,1,3,0.0,0.0,0,0,2,1,,new_launch,high
CUST00523,Discount-Dependent,29,1,921.24,4,2,3,9,0.0,0.0,0,1,0,7,,welcome_offer,low
CUST00524,Discount-Dependent,11,1,1453.6,5,2,4,11,0.0,0.0,0,1,1,10,Silver,new_launch,low
CUST00525,Dormant,220,0,0.0,1,1,1,3,0.0,0.0,0,0,0,1,,new_launch,high
CUST00526,Discount-Dependent,2,1,1131.41,5,2,3,10,0.0,0.0,0,1,0,6,Silver,welcome_offer,low
CUST00527,At-Risk High-Value,113,1,1920.65,2,2,5,9,0.0,0.0,0,1,0,1,Silver,welcome_offer,high
CUST00528,Discount-Dependent,14,1,556.1,5,2,2,9,0.0,0.0,0,1,0,12,,free_shipping,low
CUST00529,Need Attention,63,1,1129.52,3,2,3,8,0.0,1.0,1,1,2,11,,free_shipping,medium
CUST00530,Loyal Customers,57,2,1840.55,3,4,4,11,0.0,0.0,0,2,0,2,Gold,none,medium
CUST00531,Loyal Customers,43,2,648.41,4,4,2,10,0.0,0.0,1,2,0,1,,new_launch,medium
CUST00532,At-Risk High-Value,118,1,880.45,2,2,3,7,0.0,0.0,0,1,0,1,,welcome_offer,high
CUST00533,Discount-Dependent,4,1,149.0,5,2,1,8,0.0,1.0,1,1,0,9,,free_shipping,medium
CUST00534,Loyal Customers,74,2,1020.2,3,4,3,10,0.0,0.0,0,1,0,4,Silver,welcome_offer,medium
CUST00535,Dormant,138,1,192.93,2,2,1,5,0.0,0.0,0,1,1,5,Silver,new_launch,high
CUST00536,Loyal Customers,55,4,4432.75,3,5,5,13,0.0,0.0,0,4,1,14,,new_launch,medium
CUST00537,Discount-Dependent,2,1,447.58,5,2,2,9,0.0,0.0,0,1,0,4,,welcome_offer,low
CUST00538,Loyal Customers,70,2,1306.09,3,4,4,11,0.0,0.0,0,2,2,5,,bundle_discount,medium
CUST00539,Loyal Customers,65,2,1360.27,3,4,4,11,0.0,0.0,0,3,1,1,Silver,new_launch,medium
CUST00540,Loyal Customers,56,2,718.0699999999999,3,4,3,10,0.0,0.0,0,2,0,3,Gold,new_launch,medium
CUST00541,At-Risk High-Value,132,4,2894.17,2,5,5,12,0.0,0.0,0,4,2,1,,free_shipping,high
CUST00542,Discount-Dependent,54,1,576.88,3,2,2,7,0.0,0.0,0,1,1,1,,none,high
CUST00543,Dormant,197,0,0.0,1,1,1,3,0.0,0.0,0,0,2,2,,new_launch,high
CUST00544,Need Attention,85,1,757.57,3,2,3,8,0.0,0.0,0,1,0,6,Gold,bundle_discount,high
CUST00545,Discount-Dependent,1,1,603.57,5,2,2,9,0.0,1.0,1,1,2,9,Silver,welcome_offer,medium
CUST00546,Champions,3,2,2127.37,5,4,5,14,0.0,0.0,0,2,1,12,Silver,bundle_discount,low
CUST00547,Need Attention,39,1,1001.24,4,2,3,9,1.0,0.0,1,1,0,6,Gold,welcome_offer,medium
CUST00548,At-Risk High-Value,165,1,858.7,1,2,3,6,0.0,0.0,0,1,0,6,,none,high
CUST00549,At-Risk High-Value,132,2,1035.57,2,4,3,9,0.0,0.0,0,2,1,1,Silver,new_launch,high
CUST00550,Discount-Dependent,11,1,525.8,5,2,2,9,0.0,0.0,0,1,0,0,,bundle_discount,high
CUST00551,Need Attention,25,1,470.34,4,2,2,8,0.0,0.0,0,1,2,10,Gold,bundle_discount,low
CUST00552,Need Attention,4,1,567.45,5,2,2,9,0.0,0.0,0,1,1,12,Gold,welcome_offer,low
CUST00553,Dormant,293,0,0.0,1,1,1,3,0.0,0.0,0,0,0,2,,free_shipping,high
CUST00554,Loyal Customers,7,2,750.5799999999999,5,4,3,12,0.0,0.0,0,2,0,10,Platinum,welcome_offer,low
CUST00555,Loyal Customers,45,2,1122.75,4,4,3,11,0.0,1.0,1,2,1,3,Gold,welcome_offer,medium
CUST00556,Need Attention,26,1,936.16,4,2,3,9,0.0,1.0,1,1,0,1,,new_launch,high
CUST00557,Loyal Customers,16,2,977.03,5,4,3,12,0.0,0.0,0,2,1,17,Silver,new_launch,low
CUST00558,Dormant,399,0,0.0,1,1,1,3,0.0,0.0,0,0,0,1,,free_shipping,high
CUST00559,Need Attention,1,1,469.57,5,2,2,9,0.0,0.0,0,1,1,2,,welcome_offer,low
CUST00560,Dormant,231,0,0.0,1,1,1,3,0.0,0.0,0,0,0,1,,bundle_discount,high
CUST00561,Discount-Dependent,4,1,256.33,5,2,1,8,0.0,0.0,1,1,0,16,Gold,bundle_discount,medium
CUST00562,Dormant,259,0,0.0,1,1,1,3,0.0,0.0,0,0,1,1,,new_launch,high
CUST00563,Dormant,105,1,463.49,2,2,2,6,0.0,0.0,0,1,0,1,Silver,free_shipping,high
CUST00564,Dormant,130,1,584.7,2,2,2,6,0.0,0.0,0,1,0,10,Gold,bundle_discount,high
CUST00565,Need Attention,39,1,275.55,4,2,1,7,0.0,0.0,0,1,2,10,Platinum,none,medium
CUST00566,Discount-Dependent,22,1,657.76,4,2,2,8,0.0,0.0,0,1,0,25,,bundle_discount,low
CUST00567,Champions,3,2,1674.78,5,4,4,13,0.0,0.0,0,2,0,9,,bundle_discount,low
CUST00568,Discount-Dependent,34,1,482.12,4,2,2,8,0.0,0.0,0,1,0,3,Silver,welcome_offer,low
CUST00569,Dormant,113,1,430.0,2,2,2,6,0.0,0.0,0,1,3,7,,none,high
CUST00570,At-Risk High-Value,168,1,976.72,1,2,3,6,1.0,0.0,0,1,1,0,,new_launch,high
CUST00571,Need Attention,32,1,598.14,4,2,2,8,1.0,0.0,1,1,0,5,,welcome_offer,medium
CUST00572,Loyal Customers,51,4,2434.63,3,5,5,13,0.0,0.0,0,2,0,8,,free_shipping,medium
CUST00573,At-Risk High-Value,125,3,1879.54,2,5,4,11,0.0,0.0,0,3,0,0,Silver,welcome_offer,high
CUST00574,Champions,5,6,5505.6900000000005,5,5,5,15,0.0,0.0,0,2,1,14,Gold,welcome_offer,low
CUST00575,Discount-Dependent,83,1,548.72,3,2,2,7,0.0,1.0,1,1,1,6,Silver,welcome_offer,high
CUST00576,Discount-Dependent,46,1,470.46,4,2,2,8,0.0,0.0,0,1,1,15,,none,medium
CUST00577,Loyal Customers,72,2,1058.36,3,4,3,10,0.0,0.0,0,2,2,7,Platinum,welcome_offer,medium
CUST00578,Dormant,376,0,0.0,1,1,1,3,0.0,0.0,0,0,2,2,,bundle_discount,high
CUST00579,Discount-Dependent,10,1,301.68,5,2,1,8,0.0,0.0,0,1,0,1,,welcome_offer,high
CUST00580,Need Attention,74,1,713.84,3,2,3,8,0.0,0.0,0,1,1,4,,new_launch,medium
CUST00581,Loyal Customers,76,2,1527.79,3,4,4,11,0.0,0.0,0,1,0,0,Gold,bundle_discount,high
CUST00582,Dormant,286,0,0.0,1,1,1,3,0.0,0.0,0,0,2,2,,bundle_discount,high
CUST00583,Dormant,263,0,0.0,1,1,1,3,0.0,0.0,0,0,0,2,,none,high
CUST00584,Discount-Dependent,83,1,591.05,3,2,2,7,0.0,0.0,0,1,0,9,,welcome_offer,high
CUST00585,At-Risk High-Value,113,2,967.27,2,4,3,9,0.0,0.0,0,2,2,15,,bundle_discount,high
CUST00586,Dormant,128,1,371.62,2,2,2,6,0.0,0.0,0,1,0,1,Gold,free_shipping,high
CUST00587,Discount-Dependent,18,1,275.79,5,2,1,8,0.0,0.0,0,1,0,10,Gold,bundle_discount,low
CUST00588,Need Attention,76,1,649.95,3,2,2,7,0.0,0.0,0,1,0,6,Silver,welcome_offer,high
CUST00589,Discount-Dependent,71,1,479.6,3,2,2,7,0.0,1.0,1,1,1,4,Silver,bundle_discount,medium
CUST00590,Dormant,140,1,515.92,2,2,2,6,0.0,0.0,0,1,3,7,,welcome_offer,high
CUST00591,Discount-Dependent,69,1,865.39,3,2,3,8,0.0,0.0,0,1,4,2,,none,medium
CUST00592,Discount-Dependent,20,1,627.36,5,2,2,9,0.0,0.0,0,1,0,3,,new_launch,low
CUST00593,High-Value but Unhappy,29,4,2441.1699999999996,4,5,5,14,0.0,1.0,1,3,0,9,Platinum,bundle_discount,medium
CUST00594,Dormant,91,1,448.78,2,2,2,6,0.0,0.0,0,1,0,0,,none,high
CUST00595,Champions,20,3,1431.75,5,5,4,14,0.0,0.0,0,3,0,9,Silver,new_launch,low
CUST00596,Discount-Dependent,50,1,503.66,3,2,2,7,0.0,1.0,1,1,1,13,Gold,bundle_discount,medium
CUST00597,High-Value but Unhappy,52,1,1256.0,3,2,4,9,0.0,1.0,1,1,0,0,Silver,welcome_offer,high
CUST00598,Need Attention,7,1,545.96,5,2,2,9,0.0,0.0,0,1,3,20,,free_shipping,low
CUST00599,At-Risk High-Value,169,2,2008.7400000000002,1,4,5,10,0.0,0.0,0,2,1,2,,free_shipping,high
CUST00600,Dormant,263,0,0.0,1,1,1,3,0.0,0.0,0,0,0,3,,none,high
CUST00601,Need Attention,70,1,537.85,3,2,2,7,0.0,0.0,0,1,3,8,Gold,free_shipping,medium
CUST00602,Dormant,91,1,171.18,2,2,1,5,0.0,0.0,0,1,1,5,Gold,new_launch,high
CUST00603,High-Value but Unhappy,10,6,3515.31,5,5,5,15,0.0,1.0,2,3,1,12,Gold,new_launch,medium
CUST00604,At-Risk High-Value,90,1,761.72,2,2,3,7,0.0,0.0,0,1,1,2,,none,high
CUST00605,At-Risk High-Value,160,2,1049.15,1,4,3,8,0.0,0.0,0,2,0,8,Silver,none,high
CUST00606,Dormant,120,1,240.15,2,2,1,5,0.0,0.0,0,1,0,7,Gold,new_launch,high
CUST00607,Dormant,249,0,0.0,1,1,1,3,0.0,0.0,0,0,0,9,,none,high
CUST00608,High-Value but Unhappy,27,2,1397.1,4,4,4,12,0.0,1.0,1,1,0,7,Gold,welcome_offer,medium
CUST00609,Champions,6,5,4581.16,5,5,5,15,0.0,0.0,0,3,1,6,Silver,bundle_discount,low
CUST00610,High-Value but Unhappy,22,3,3213.04,4,5,5,14,0.333,1.0,1,3,0,10,,new_launch,medium
CUST00611,Dormant,235,0,0.0,1,1,1,3,0.0,0.0,0,0,0,5,,welcome_offer,high
CUST00612,Loyal Customers,48,2,2120.98,3,4,5,12,0.0,0.0,0,2,0,9,Platinum,bundle_discount,medium
CUST00613,Champions,4,4,2969.31,5,5,5,15,0.0,0.0,2,4,0,14,Silver,none,medium
CUST00614,Dormant,196,0,0.0,1,1,1,3,0.0,0.0,0,0,1,1,Gold,new_launch,high
CUST00615,Need Attention,34,1,446.03,4,2,2,8,1.0,1.0,1,1,1,4,,new_launch,medium
CUST00616,Loyal Customers,36,2,1139.9099999999999,4,4,3,11,0.0,1.0,1,2,0,10,,bundle_discount,medium
CUST00617,Champions,14,6,4116.99,5,5,5,15,0.0,0.0,0,3,0,8,,new_launch,low
CUST00618,At-Risk High-Value,92,2,1570.53,2,4,4,10,0.0,0.0,0,2,3,8,Gold,welcome_offer,high
CUST00619,Loyal Customers,2,2,925.3600000000001,5,4,3,12,0.0,0.0,0,1,0,8,,welcome_offer,low
CUST00620,Dormant,90,1,449.48,2,2,2,6,0.0,1.0,1,1,2,17,Silver,new_launch,high
CUST00621,Dormant,92,1,348.53,2,2,1,5,0.0,0.0,0,1,1,6,,bundle_discount,high
CUST00622,Dormant,180,0,0.0,1,1,1,3,0.0,0.0,0,1,3,1,,free_shipping,high
CUST00623,At-Risk High-Value,108,4,1945.71,2,5,5,12,0.25,0.0,0,4,2,18,Silver,free_shipping,high
CUST00624,Dormant,232,0,0.0,1,1,1,3,0.0,0.0,0,0,0,4,Silver,new_launch,high
CUST00625,Loyal Customers,66,3,1716.26,3,5,4,12,0.0,0.0,0,2,0,2,,none,medium
CUST00626,Champions,9,2,1214.38,5,4,4,13,0.0,0.0,1,1,0,12,Platinum,free_shipping,medium
CUST00627,Need Attention,75,1,403.11,3,2,2,7,0.0,0.0,0,1,1,6,Silver,free_shipping,medium
CUST00628,Discount-Dependent,59,1,232.57,3,2,1,6,0.0,1.0,1,1,1,9,,none,medium
CUST00629,Discount-Dependent,44,1,442.4,4,2,2,8,0.0,0.0,0,1,1,2,Gold,none,medium
CUST00630,At-Risk High-Value,93,2,1967.63,2,4,5,11,0.0,0.0,0,2,1,20,Platinum,welcome_offer,high
CUST00631,Loyal Customers,68,3,1238.87,3,5,4,12,0.0,0.0,0,2,0,0,Silver,bundle_discount,medium
CUST00632,Discount-Dependent,61,1,1078.63,3,2,3,8,0.0,0.0,0,1,1,11,Gold,bundle_discount,medium
CUST00633,Need Attention,33,1,1619.36,4,2,4,10,0.0,0.0,0,1,1,4,,none,low
CUST00634,At-Risk High-Value,118,2,727.14,2,4,3,9,0.0,0.0,0,1,0,1,,bundle_discount,high
CUST00635,At-Risk High-Value,134,1,1016.46,2,2,3,7,0.0,0.0,0,1,1,1,Gold,bundle_discount,high
CUST00636,Loyal Customers,72,2,2158.95,3,4,5,12,0.0,0.0,0,2,0,1,Silver,free_shipping,medium
CUST00637,Discount-Dependent,60,1,928.75,3,2,3,8,0.0,0.0,0,1,0,1,Silver,new_launch,high
CUST00638,Dormant,173,1,300.91,1,2,1,4,0.0,0.0,0,1,0,0,,none,high
CUST00639,Dormant,369,0,0.0,1,1,1,3,0.0,0.0,0,0,0,1,,none,high
CUST00640,Dormant,130,1,641.86,2,2,2,6,0.0,0.0,0,1,1,0,,welcome_offer,high
CUST00641,Champions,35,3,1518.18,4,5,4,13,0.0,0.0,0,3,1,5,,welcome_offer,low
CUST00642,Champions,18,3,1654.45,5,5,4,14,0.0,0.0,0,2,0,4,Silver,bundle_discount,low
CUST00643,At-Risk High-Value,155,1,1091.34,1,2,3,6,0.0,0.0,0,1,1,14,Silver,none,high
CUST00644,Loyal Customers,78,2,715.36,3,4,3,10,0.0,0.0,0,2,3,0,,welcome_offer,high
CUST00645,Dormant,252,0,0.0,1,1,1,3,0.0,0.0,0,0,0,0,,none,high
CUST00646,Dormant,117,1,624.08,2,2,2,6,0.0,0.0,0,1,0,5,Silver,free_shipping,high
CUST00647,Need Attention,64,1,507.52,3,2,2,7,0.0,0.0,1,1,0,2,Gold,free_shipping,medium
CUST00648,Need Attention,31,1,1298.17,4,2,4,10,0.0,0.0,0,1,3,3,,free_shipping,low
CUST00649,Dormant,124,1,364.41,2,2,1,5,0.0,0.0,0,1,0,5,Silver,none,high
CUST00650,Loyal Customers,59,2,2193.25,3,4,5,12,0.0,0.0,0,2,0,6,Silver,bundle_discount,medium
CUST00651,Champions,34,2,2189.98,4,4,5,13,0.0,0.0,0,2,2,6,Silver,none,low
CUST00652,Loyal Customers,75,2,2138.43,3,4,5,12,0.0,0.0,0,2,2,13,Gold,bundle_discount,medium
CUST00653,Champions,32,2,2037.83,4,4,5,13,0.0,0.0,0,2,0,19,,none,low
CUST00654,High-Value but Unhappy,8,4,4671.99,5,5,5,15,0.5,1.0,2,4,0,8,,welcome_offer,medium
CUST00655,Need Attention,79,1,631.53,3,2,2,7,0.0,0.0,0,1,0,0,Silver,none,high
CUST00656,Loyal Customers,67,2,1360.96,3,4,4,11,0.0,0.0,0,2,0,16,,bundle_discount,medium
CUST00657,Loyal Customers,63,2,674.97,3,4,2,9,0.5,1.0,1,2,1,5,Silver,new_launch,medium
CUST00658,Dormant,219,0,0.0,1,1,1,3,0.0,0.0,0,0,1,3,,free_shipping,high
CUST00659,Discount-Dependent,16,1,883.27,5,2,3,10,0.0,0.0,0,1,4,21,Platinum,welcome_offer,low
CUST00660,Need Attention,43,1,573.43,4,2,2,8,0.0,0.0,0,1,2,7,Silver,bundle_discount,medium
CUST00661,Dormant,180,0,0.0,1,1,1,3,0.0,0.0,0,1,0,1,,welcome_offer,high
CUST00662,At-Risk High-Value,124,1,852.96,2,2,3,7,0.0,0.0,0,1,0,2,,bundle_discount,high
CUST00663,Loyal Customers,64,3,1861.8999999999999,3,5,4,12,0.0,0.0,0,2,0,14,,none,medium
CUST00664,Discount-Dependent,20,1,237.27,5,2,1,8,0.0,0.0,1,1,0,1,,bundle_discount,high
CUST00665,High-Value but Unhappy,35,3,1936.8,4,5,5,14,0.333,1.0,1,2,0,3,,new_launch,medium
CUST00666,Discount-Dependent,3,1,540.99,5,2,2,9,0.0,0.0,1,1,1,1,Silver,bundle_discount,high
CUST00667,Champions,25,2,1406.34,4,4,4,12,0.5,0.0,0,2,0,7,,free_shipping,low
CUST00668,Loyal Customers,42,2,952.4100000000001,4,4,3,11,0.0,0.0,0,2,0,3,,new_launch,medium
CUST00669,Loyal Customers,57,3,2774.7599999999998,3,5,5,13,0.0,0.0,0,3,0,1,,none,medium
CUST00670,Dormant,242,0,0.0,1,1,1,3,0.0,0.0,0,0,1,0,,none,high
CUST00671,Champions,2,3,2568.33,5,5,5,15,0.0,0.0,0,2,0,13,,bundle_discount,low
CUST00672,Dormant,141,1,434.37,2,2,2,6,0.0,0.0,0,1,3,10,,none,high
CUST00673,At-Risk High-Value,118,1,1297.2,2,2,4,8,0.0,0.0,0,1,1,1,Silver,none,high
CUST00674,Loyal Customers,56,5,2521.51,3,5,5,13,0.0,0.0,0,4,0,14,,free_shipping,medium
CUST00675,At-Risk High-Value,130,2,4218.15,2,4,5,11,0.0,0.0,0,1,1,8,Silver,bundle_discount,high
CUST00676,Discount-Dependent,6,1,714.17,5,2,3,10,0.0,0.0,1,1,2,9,,welcome_offer,medium
CUST00677,Discount-Dependent,6,1,291.61,5,2,1,8,0.0,0.0,0,1,0,1,,free_shipping,high
CUST00678,Dormant,196,0,0.0,1,1,1,3,0.0,0.0,0,0,0,1,,none,high
CUST00679,Loyal Customers,83,3,2474.75,3,5,5,13,0.0,0.0,0,3,3,3,,free_shipping,high
CUST00680,Dormant,215,0,0.0,1,1,1,3,0.0,0.0,0,0,0,1,Gold,new_launch,high
CUST00681,Dormant,211,0,0.0,1,1,1,3,0.0,0.0,0,0,0,1,,welcome_offer,high
CUST00682,Need Attention,19,1,1238.23,5,2,4,11,0.0,0.0,1,1,1,6,Silver,new_launch,medium
CUST00683,Champions,0,3,3422.7,5,5,5,15,0.0,0.0,1,2,1,7,,none,medium
CUST00684,Dormant,140,1,547.13,2,2,2,6,0.0,0.0,0,1,0,2,Gold,new_launch,high
CUST00685,Discount-Dependent,2,1,1158.09,5,2,3,10,0.0,0.0,0,1,1,3,,bundle_discount,low
CUST00686,Dormant,127,1,318.48,2,2,1,5,0.0,0.0,0,1,1,21,Silver,none,high
CUST00687,At-Risk High-Value,117,3,2804.77,2,5,5,12,0.0,0.0,0,3,0,1,,welcome_offer,high
CUST00688,High-Value but Unhappy,13,4,2214.44,5,5,5,15,0.25,1.0,1,4,0,1,Silver,bundle_discount,medium
CUST00689,Loyal Customers,70,4,4514.3099999999995,3,5,5,13,0.0,0.0,0,4,0,13,Gold,new_launch,medium
CUST00690,Champions,4,3,3098.92,5,5,5,15,0.0,0.0,0,2,3,11,,welcome_offer,low
CUST00691,Loyal Customers,61,2,1222.65,3,4,4,11,0.0,0.0,0,1,3,14,,none,medium
CUST00692,Discount-Dependent,58,1,269.14,3,2,1,6,0.0,0.0,0,1,1,0,,bundle_discount,high
CUST00693,At-Risk High-Value,147,1,804.56,2,2,3,7,0.0,0.0,0,1,0,0,Gold,bundle_discount,high
CUST00694,Need Attention,74,1,345.14,3,2,1,6,0.0,0.0,0,1,0,14,,none,medium
CUST00695,Dormant,198,0,0.0,1,1,1,3,0.0,0.0,0,0,0,4,,bundle_discount,high
CUST00696,Loyal Customers,40,2,796.1500000000001,4,4,3,11,0.0,0.0,0,2,0,1,Silver,bundle_discount,medium
CUST00697,Dormant,247,0,0.0,1,1,1,3,0.0,0.0,0,0,0,1,,none,high
CUST00698,High-Value but Unhappy,14,3,2572.7200000000003,5,5,5,15,0.333,1.0,2,2,0,11,Gold,new_launch,medium
CUST00699,Loyal Customers,47,4,2191.5099999999998,3,5,5,13,0.0,0.0,0,4,0,15,,free_shipping,medium
CUST00700,Need Attention,49,1,345.91,3,2,1,6,0.0,0.0,0,1,0,1,,new_launch,high
CUST00701,At-Risk High-Value,122,1,892.63,2,2,3,7,0.0,0.0,0,1,0,10,Silver,free_shipping,high
CUST00702,Need Attention,77,1,357.55,3,2,1,6,0.0,1.0,1,1,0,2,Silver,none,high
CUST00703,Dormant,104,1,360.06,2,2,1,5,0.0,0.0,0,1,0,3,,none,high
CUST00704,Loyal Customers,22,2,1084.3400000000001,4,4,3,11,0.0,0.0,0,2,0,12,,new_launch,low
CUST00705,Need Attention,12,1,872.61,5,2,3,10,1.0,1.0,1,1,0,1,,new_launch,high
CUST00706,Discount-Dependent,2,1,439.07,5,2,2,9,0.0,0.0,0,1,0,2,,bundle_discount,low
CUST00707,Dormant,189,0,0.0,1,1,1,3,0.0,0.0,0,0,0,10,,free_shipping,high
CUST00708,High-Value but Unhappy,45,4,2683.09,4,5,5,14,0.0,1.0,1,3,0,5,,free_shipping,medium
CUST00709,At-Risk High-Value,129,1,1966.47,2,2,5,9,0.0,0.0,0,1,0,0,,bundle_discount,high
CUST00710,Champions,16,4,2426.17,5,5,5,15,0.0,0.0,0,4,0,8,Silver,free_shipping,low
CUST00711,High-Value but Unhappy,19,5,4117.05,5,5,5,15,0.0,1.0,1,2,2,10,Platinum,new_launch,medium
CUST00712,Need Attention,4,1,676.24,5,2,2,9,0.0,0.0,0,1,0,2,,bundle_discount,low
CUST00713,Champions,3,4,3625.93,5,5,5,15,0.25,0.5,2,3,0,10,Gold,bundle_discount,medium
CUST00714,Loyal Customers,40,3,1036.94,4,5,3,12,0.333,1.0,1,2,1,2,Silver,bundle_discount,medium
CUST00715,Loyal Customers,25,3,954.63,4,5,3,12,0.0,0.0,0,3,0,4,Silver,bundle_discount,low
CUST00716,High-Value but Unhappy,6,3,1449.24,5,5,4,14,0.0,1.0,1,3,2,14,Gold,welcome_offer,medium
CUST00717,Discount-Dependent,0,1,884.85,5,2,3,10,0.0,0.0,0,1,0,6,,welcome_offer,low
CUST00718,Dormant,117,1,348.64,2,2,1,5,0.0,0.0,0,1,1,2,,bundle_discount,high
CUST00719,Dormant,168,1,461.68,1,2,2,5,0.0,0.0,0,1,0,2,Silver,free_shipping,high
CUST00720,Dormant,291,0,0.0,1,1,1,3,0.0,0.0,0,0,1,1,Gold,welcome_offer,high
CUST00721,Need Attention,14,1,1856.99,5,2,4,11,0.0,0.0,0,1,1,8,Platinum,bundle_discount,low
CUST00722,Discount-Dependent,30,1,256.54,4,2,1,7,1.0,1.0,1,1,0,1,,welcome_offer,high
CUST00723,Need Attention,69,1,546.81,3,2,2,7,0.0,0.0,0,1,1,7,,bundle_discount,medium
CUST00724,Loyal Customers,8,2,1014.94,5,4,3,12,0.0,0.0,0,2,2,8,Silver,welcome_offer,low
CUST00725,At-Risk High-Value,141,2,950.51,2,4,3,9,0.0,0.0,0,2,0,0,,new_launch,high
CUST00726,At-Risk High-Value,98,4,4849.51,2,5,5,12,0.25,0.0,0,4,0,10,,none,high
CUST00727,Champions,8,4,2696.01,5,5,5,15,0.25,0.0,0,2,2,10,,bundle_discount,low
CUST00728,Need Attention,66,1,396.38,3,2,2,7,1.0,1.0,1,1,0,6,,free_shipping,medium
CUST00729,At-Risk High-Value,140,1,1324.83,2,2,4,8,0.0,0.0,0,1,1,1,,welcome_offer,high
CUST00730,Dormant,232,0,0.0,1,1,1,3,0.0,0.0,0,0,0,3,,new_launch,high
CUST00731,Dormant,136,1,433.67,2,2,2,6,0.0,0.0,0,1,1,2,Gold,welcome_offer,high
CUST00732,Need Attention,6,1,402.61,5,2,2,9,0.0,1.0,1,1,1,6,,welcome_offer,medium
CUST00733,Discount-Dependent,66,1,376.53,3,2,2,7,0.0,0.0,0,1,0,5,Gold,none,medium
CUST00734,At-Risk High-Value,89,2,2020.81,2,4,5,11,0.0,0.0,0,2,0,6,,welcome_offer,high
CUST00735,Champions,12,2,1244.28,5,4,4,13,0.0,0.0,0,1,0,1,,new_launch,low
CUST00736,Loyal Customers,66,3,1727.68,3,5,4,12,0.0,0.0,0,3,0,3,,none,medium
CUST00737,Need Attention,24,1,872.88,4,2,3,9,0.0,0.0,0,1,0,1,Silver,bundle_discount,high
CUST00738,Need Attention,78,1,545.24,3,2,2,7,1.0,1.0,1,1,2,8,Silver,new_launch,high
CUST00739,Need Attention,24,1,1047.95,4,2,3,9,0.0,0.0,0,1,1,8,Gold,welcome_offer,low
CUST00740,Dormant,261,0,0.0,1,1,1,3,0.0,0.0,0,0,2,5,,new_launch,high
CUST00741,Dormant,225,0,0.0,1,1,1,3,0.0,0.0,0,0,1,3,Gold,new_launch,high
CUST00742,Discount-Dependent,49,1,441.54,3,2,2,7,0.0,0.0,0,1,0,5,,bundle_discount,medium
CUST00743,Discount-Dependent,1,1,1124.66,5,2,3,10,0.0,0.0,0,1,2,3,Silver,new_launch,low
CUST00744,Loyal Customers,65,2,1108.58,3,4,3,10,0.0,0.0,0,1,2,2,,free_shipping,medium
CUST00745,Need Attention,1,1,1077.53,5,2,3,10,0.0,0.0,0,1,0,14,Silver,welcome_offer,low
CUST00746,Dormant,177,1,352.33,1,2,1,4,0.0,0.0,0,1,0,0,,welcome_offer,high
CUST00747,Discount-Dependent,11,1,1123.87,5,2,3,10,0.0,1.0,1,1,0,13,,none,medium
CUST00748,Loyal Customers,58,3,2603.35,3,5,5,13,0.0,0.0,0,2,0,5,,welcome_offer,medium
CUST00749,Discount-Dependent,11,1,872.34,5,2,3,10,0.0,0.0,0,1,3,13,,bundle_discount,low
CUST00750,Loyal Customers,49,2,962.3000000000001,3,4,3,10,0.0,0.0,0,1,1,8,,welcome_offer,medium
CUST00751,Need Attention,15,1,657.24,5,2,2,9,0.0,0.0,0,1,1,8,Silver,new_launch,low
CUST00752,At-Risk High-Value,97,2,1319.5500000000002,2,4,4,10,0.0,0.0,0,2,0,2,,welcome_offer,high
CUST00753,At-Risk High-Value,143,1,1093.17,2,2,3,7,0.0,0.0,0,1,0,9,,new_launch,high
CUST00754,Champions,37,2,3639.05,4,4,5,13,0.0,0.0,0,2,1,18,Gold,welcome_offer,medium
CUST00755,Dormant,200,0,0.0,1,1,1,3,0.0,0.0,0,0,2,12,,none,high
CUST00756,Dormant,113,1,329.74,2,2,1,5,0.0,0.0,0,1,0,0,Silver,free_shipping,high
CUST00757,Discount-Dependent,8,1,481.24,5,2,2,9,0.0,0.0,0,1,1,4,Silver,free_shipping,low
CUST00758,Loyal Customers,78,3,1129.62,3,5,3,11,0.0,0.0,0,2,1,13,,none,high
CUST00759,Champions,38,2,1562.24,4,4,4,12,0.0,0.0,0,2,0,4,Gold,free_shipping,medium
CUST00760,Dormant,162,1,368.74,1,2,1,4,1.0,0.0,0,1,0,1,,bundle_discount,high
CUST00761,Dormant,193,0,0.0,1,1,1,3,0.0,0.0,0,0,0,1,,new_launch,high
CUST00762,Champions,46,2,2784.5699999999997,4,4,5,13,0.5,0.0,0,2,0,8,,bundle_discount,medium
CUST00763,Dormant,188,0,0.0,1,1,1,3,0.0,0.0,0,0,0,0,Silver,welcome_offer,high
CUST00764,Champions,23,2,1414.13,4,4,4,12,0.0,0.0,0,2,0,8,Silver,welcome_offer,low
CUST00765,At-Risk High-Value,98,2,2264.58,2,4,5,11,0.0,0.0,0,1,0,2,,welcome_offer,high
CUST00766,Dormant,166,1,389.83,1,2,2,5,0.0,0.0,0,1,0,7,,welcome_offer,high
CUST00767,Discount-Dependent,75,1,468.97,3,2,2,7,0.0,1.0,1,1,3,7,Gold,new_launch,medium
CUST00768,High-Value but Unhappy,21,2,1483.56,4,4,4,12,0.0,1.0,1,1,0,3,,bundle_discount,medium
CUST00769,Loyal Customers,18,2,971.74,5,4,3,12,0.0,0.0,0,2,0,2,Silver,none,low
CUST00770,High-Value but Unhappy,27,3,2711.16,4,5,5,14,0.0,1.0,1,3,1,12,Silver,welcome_offer,medium
CUST00771,Dormant,90,1,456.76,2,2,2,6,0.0,1.0,1,1,0,8,Gold,none,high
CUST00772,Dormant,190,0,0.0,1,1,1,3,0.0,0.0,0,0,1,9,Silver,free_shipping,high
CUST00773,Need Attention,71,1,658.94,3,2,2,7,0.0,0.0,0,1,0,4,Gold,none,medium
CUST00774,Dormant,101,1,364.21,2,2,1,5,0.0,0.0,0,1,0,2,Silver,bundle_discount,high
CUST00775,Need Attention,23,1,1298.92,4,2,4,10,0.0,0.0,0,1,2,8,,new_launch,low
CUST00776,Dormant,135,1,547.9,2,2,2,6,0.0,0.0,0,1,0,0,,welcome_offer,high
CUST00777,Discount-Dependent,10,1,720.41,5,2,3,10,0.0,0.0,0,1,1,2,,free_shipping,low
CUST00778,Dormant,331,0,0.0,1,1,1,3,0.0,0.0,0,0,0,1,Silver,bundle_discount,high
CUST00779,Discount-Dependent,6,1,416.15,5,2,2,9,0.0,0.0,0,1,1,3,,none,low
CUST00780,Champions,36,4,3232.4,4,5,5,14,0.25,0.0,2,3,0,12,Silver,new_launch,medium
CUST00781,Discount-Dependent,49,1,442.8,3,2,2,7,0.0,0.0,0,1,0,4,Gold,free_shipping,medium
CUST00782,Dormant,194,0,0.0,1,1,1,3,0.0,0.0,0,0,2,1,Silver,welcome_offer,high
CUST00783,Dormant,232,0,0.0,1,1,1,3,0.0,0.0,0,0,2,3,,none,high
CUST00784,Champions,45,2,1269.12,4,4,4,12,0.0,0.0,0,2,1,11,,bundle_discount,medium
CUST00785,Champions,11,3,1464.91,5,5,4,14,0.0,0.0,0,3,0,5,,none,low
CUST00786,At-Risk High-Value,150,1,1030.43,1,2,3,6,0.0,0.0,0,1,0,1,Silver,none,high
CUST00787,Loyal Customers,48,3,2376.36,3,5,5,13,0.0,0.0,0,2,0,2,,bundle_discount,medium
CUST00788,Discount-Dependent,49,1,1408.44,3,2,4,9,0.0,0.0,0,1,0,8,,none,medium
CUST00789,Discount-Dependent,55,1,753.6,3,2,3,8,0.0,0.0,0,1,0,1,Silver,new_launch,high
CUST00790,Need Attention,78,1,458.83,3,2,2,7,0.0,1.0,1,1,1,9,Gold,new_launch,high
CUST00791,Dormant,230,0,0.0,1,1,1,3,0.0,0.0,0,0,0,0,,free_shipping,high
CUST00792,At-Risk High-Value,148,1,1395.21,1,2,4,7,0.0,0.0,0,1,0,4,Platinum,bundle_discount,high
CUST00793,At-Risk High-Value,113,1,1730.51,2,2,4,8,0.0,0.0,0,1,1,1,Silver,welcome_offer,high
CUST00794,Dormant,171,1,413.58,1,2,2,5,0.0,0.0,0,1,0,7,Gold,new_launch,high
CUST00795,At-Risk High-Value,138,2,2258.74,2,4,5,11,0.0,0.0,0,2,0,2,Gold,new_launch,high
CUST00796,At-Risk High-Value,151,1,1622.25,1,2,4,7,0.0,0.0,0,1,0,8,Silver,free_shipping,high
CUST00797,Need Attention,9,1,408.27,5,2,2,9,0.0,0.0,0,1,1,7,Platinum,welcome_offer,low
CUST00798,Loyal Customers,57,2,1507.09,3,4,4,11,0.0,0.0,0,2,1,8,Gold,free_shipping,medium
CUST00799,Loyal Customers,56,2,738.9300000000001,3,4,3,10,0.0,0.0,0,2,0,2,Gold,free_shipping,medium
CUST00800,Champions,12,5,5040.63,5,5,5,15,0.0,0.0,0,3,2,7,,none,low
CUST00801,High-Value but Unhappy,76,2,1510.24,3,4,4,11,0.0,1.0,1,2,0,1,,new_launch,high
CUST00802,Dormant,201,0,0.0,1,1,1,3,0.0,0.0,0,0,0,1,Silver,bundle_discount,high
CUST00803,Loyal Customers,53,2,2106.41,3,4,5,12,0.0,0.0,0,2,2,2,,bundle_discount,medium
CUST00804,Need Attention,14,1,969.91,5,2,3,10,0.0,0.0,0,1,1,7,,bundle_discount,low
CUST00805,Need Attention,41,1,780.79,4,2,3,9,0.0,0.0,0,1,0,8,Gold,free_shipping,medium
CUST00806,Discount-Dependent,21,1,976.95,4,2,3,9,0.0,0.0,0,1,0,11,,bundle_discount,low
CUST00807,Dormant,112,1,594.61,2,2,2,6,0.0,0.0,0,1,0,4,,bundle_discount,high
CUST00808,Discount-Dependent,53,1,444.73,3,2,2,7,0.0,1.0,1,1,0,16,Silver,bundle_discount,medium
CUST00809,High-Value but Unhappy,22,3,1886.26,4,5,4,13,0.333,1.0,1,2,4,12,,bundle_discount,medium
CUST00810,Dormant,217,0,0.0,1,1,1,3,0.0,0.0,0,0,2,0,,welcome_offer,high
CUST00811,Dormant,184,0,0.0,1,1,1,3,0.0,0.0,0,0,1,2,Gold,welcome_offer,high
CUST00812,Dormant,189,0,0.0,1,1,1,3,0.0,0.0,0,0,0,0,Silver,welcome_offer,high
CUST00813,Champions,5,4,3695.8,5,5,5,15,0.0,0.0,1,1,3,11,Platinum,none,medium
CUST00814,At-Risk High-Value,88,2,3500.93,2,4,5,11,0.0,0.0,0,2,0,14,,free_shipping,high
CUST00815,At-Risk High-Value,137,2,2569.54,2,4,5,11,0.0,0.0,0,2,0,3,Silver,new_launch,high
CUST00816,High-Value but Unhappy,59,2,2688.92,3,4,5,12,0.0,1.0,1,2,1,7,,free_shipping,medium
CUST00817,Champions,9,7,6352.75,5,5,5,15,0.0,0.0,0,4,2,13,Platinum,bundle_discount,low
CUST00818,At-Risk High-Value,147,1,988.84,2,2,3,7,0.0,0.0,0,1,0,1,,new_launch,high
CUST00819,Champions,28,3,1698.1299999999999,4,5,4,13,0.0,0.0,0,2,0,5,,none,low
CUST00820,Dormant,189,0,0.0,1,1,1,3,0.0,0.0,0,0,2,4,,bundle_discount,high
CUST00821,Dormant,94,1,409.56,2,2,2,6,0.0,0.0,1,1,0,6,Silver,none,high
CUST00822,Loyal Customers,76,3,1713.4699999999998,3,5,4,12,0.0,0.0,1,3,0,10,,new_launch,high
CUST00823,Discount-Dependent,146,2,546.33,2,4,2,8,0.5,0.0,0,1,0,2,Gold,new_launch,high
CUST00824,Need Attention,4,1,446.93,5,2,2,9,0.0,0.0,0,1,0,4,Gold,free_shipping,low
CUST00825,Dormant,97,1,410.77,2,2,2,6,0.0,0.0,0,1,3,3,,bundle_discount,high
CUST00826,At-Risk High-Value,158,2,2063.86,1,4,5,10,0.0,0.0,0,2,0,9,,none,high
CUST00827,Need Attention,57,1,1699.04,3,2,4,9,0.0,0.0,0,1,2,4,,welcome_offer,medium
CUST00828,Dormant,90,1,355.91,2,2,1,5,0.0,0.0,0,1,0,5,,none,high
CUST00829,Loyal Customers,62,4,3162.5200000000004,3,5,5,13,0.0,0.0,0,3,3,9,Silver,new_launch,medium
CUST00830,Loyal Customers,19,2,1150.55,5,4,3,12,0.0,0.0,0,2,1,11,,welcome_offer,low
CUST00831,Loyal Customers,6,2,994.8299999999999,5,4,3,12,0.0,1.0,2,2,1,11,Platinum,new_launch,medium
CUST00832,Need Attention,0,1,716.8,5,2,3,10,0.0,0.0,0,1,3,9,,free_shipping,low
CUST00833,Discount-Dependent,67,1,1142.84,3,2,3,8,0.0,0.0,0,1,0,6,Gold,welcome_offer,medium
CUST00834,Need Attention,2,1,971.01,5,2,3,10,0.0,0.0,0,1,0,6,,bundle_discount,low
CUST00835,At-Risk High-Value,157,3,1837.3,1,5,4,10,0.0,0.0,0,3,0,8,Gold,bundle_discount,high
CUST00836,Champions,9,2,1640.21,5,4,4,13,0.0,0.0,0,2,0,7,,new_launch,low
CUST00837,Champions,15,2,1476.76,5,4,4,13,0.0,0.0,0,2,1,7,,none,low
CUST00838,Discount-Dependent,9,1,402.67,5,2,2,9,0.0,1.0,1,1,1,11,,new_launch,medium
CUST00839,At-Risk High-Value,162,2,860.28,1,4,3,8,0.0,0.0,0,2,0,2,,new_launch,high
CUST00840,Loyal Customers,58,3,3328.2799999999997,3,5,5,13,0.0,0.0,0,2,0,3,,none,medium
CUST00841,At-Risk High-Value,99,6,5236.09,2,5,5,12,0.167,0.0,0,3,0,2,,none,high
CUST00842,Loyal Customers,71,2,1823.97,3,4,4,11,0.0,0.0,1,1,0,1,,none,medium
CUST00843,Discount-Dependent,45,1,803.69,4,2,3,9,1.0,1.0,1,1,2,1,,bundle_discount,high
CUST00844,Discount-Dependent,19,1,410.24,5,2,2,9,0.0,0.0,0,1,1,1,Silver,bundle_discount,high
CUST00845,At-Risk High-Value,96,1,777.67,2,2,3,7,0.0,1.0,1,1,0,4,,welcome_offer,high
CUST00846,High-Value but Unhappy,41,3,1899.26,4,5,5,14,0.333,1.0,1,3,0,15,,bundle_discount,medium
CUST00847,Discount-Dependent,4,1,1420.5,5,2,4,11,0.0,0.0,0,1,5,12,,welcome_offer,low
CUST00848,Need Attention,4,1,547.18,5,2,2,9,0.0,0.0,0,1,1,8,,bundle_discount,low
CUST00849,Champions,6,4,2776.8599999999997,5,5,5,15,0.0,0.0,0,4,2,9,Gold,welcome_offer,low
CUST00850,High-Value but Unhappy,7,2,2278.0299999999997,5,4,5,14,0.5,1.0,1,2,0,5,Silver,bundle_discount,medium
CUST00851,Need Attention,0,1,822.7,5,2,3,10,0.0,0.0,0,1,0,8,Gold,welcome_offer,low
CUST00852,Loyal Customers,66,2,935.26,3,4,3,10,0.0,0.0,0,2,1,1,Gold,welcome_offer,medium
CUST00853,Discount-Dependent,61,1,318.94,3,2,1,6,0.0,1.0,1,1,0,9,,none,medium
CUST00854,Dormant,279,0,0.0,1,1,1,3,0.0,0.0,0,0,0,1,Silver,welcome_offer,high
CUST00855,Dormant,292,0,0.0,1,1,1,3,0.0,0.0,0,0,0,1,,free_shipping,high
CUST00856,At-Risk High-Value,135,1,2235.84,2,2,5,9,0.0,0.0,0,1,3,1,Silver,welcome_offer,high
CUST00857,High-Value but Unhappy,67,2,1852.15,3,4,4,11,0.0,1.0,1,2,1,3,,free_shipping,medium
CUST00858,At-Risk High-Value,90,2,1268.61,2,4,4,10,0.0,0.0,0,2,0,1,Silver,none,high
CUST00859,At-Risk High-Value,169,1,769.89,1,2,3,6,0.0,0.0,0,1,2,10,Silver,free_shipping,high
CUST00860,Need Attention,79,1,1472.26,3,2,4,9,0.0,0.0,1,1,4,7,,none,high
CUST00861,At-Risk High-Value,170,1,798.67,1,2,3,6,0.0,0.0,0,1,2,3,Platinum,free_shipping,high
CUST00862,Dormant,453,0,0.0,1,1,1,3,0.0,0.0,0,0,0,2,,bundle_discount,high
CUST00863,Champions,25,2,1710.22,4,4,4,12,0.0,0.0,0,2,0,6,,none,low
CUST00864,Dormant,138,1,316.53,2,2,1,5,0.0,0.0,0,1,1,2,,welcome_offer,high
CUST00865,Loyal Customers,50,2,1503.1100000000001,3,4,4,11,0.0,0.0,1,2,2,10,,none,medium
CUST00866,Need Attention,26,1,1280.71,4,2,4,10,0.0,0.0,0,1,0,5,,bundle_discount,low
CUST00867,Discount-Dependent,15,1,424.64,5,2,2,9,0.0,1.0,1,1,0,6,,bundle_discount,medium
CUST00868,Discount-Dependent,20,1,832.57,5,2,3,10,0.0,0.0,0,1,1,14,Silver,new_launch,low
CUST00869,At-Risk High-Value,93,3,1700.01,2,5,4,11,0.0,0.0,0,1,0,0,,new_launch,high
CUST00870,At-Risk High-Value,86,3,2224.05,2,5,5,12,0.0,0.0,0,2,0,13,,new_launch,high
CUST00871,At-Risk High-Value,122,3,1703.85,2,5,4,11,0.0,0.0,0,2,0,3,,bundle_discount,high
CUST00872,At-Risk High-Value,125,1,799.03,2,2,3,7,0.0,0.0,0,1,2,6,Silver,new_launch,high
CUST00873,Champions,3,2,1994.21,5,4,5,14,0.0,0.0,0,2,0,2,,welcome_offer,low
CUST00874,Need Attention,21,1,511.56,4,2,2,8,0.0,0.0,0,1,0,7,,new_launch,low
CUST00875,Discount-Dependent,30,1,363.1,4,2,1,7,0.0,0.0,0,1,0,1,,none,high
CUST00876,Loyal Customers,36,2,938.71,4,4,3,11,0.0,1.0,1,2,1,6,,bundle_discount,medium
CUST00877,Loyal Customers,63,2,831.49,3,4,3,10,0.0,0.0,0,1,0,7,Silver,none,medium
CUST00878,At-Risk High-Value,134,2,2578.68,2,4,5,11,0.0,0.0,0,2,1,12,,welcome_offer,high
CUST00879,At-Risk High-Value,155,2,2576.4700000000003,1,4,5,10,0.0,0.0,0,2,0,4,Gold,none,high
CUST00880,Champions,16,3,1801.75,5,5,4,14,0.0,0.0,0,3,0,11,,new_launch,low
CUST00881,Need Attention,4,1,1185.63,5,2,4,11,0.0,0.0,0,1,0,6,,bundle_discount,low
CUST00882,Loyal Customers,85,2,894.79,3,4,3,10,0.0,0.0,1,2,0,2,Silver,new_launch,high
CUST00883,At-Risk High-Value,126,2,4600.78,2,4,5,11,0.0,0.0,0,2,1,1,,none,high
CUST00884,Dormant,271,0,0.0,1,1,1,3,0.0,0.0,0,0,0,1,,welcome_offer,high
CUST00885,Champions,31,2,1199.0,4,4,4,12,0.5,0.0,0,2,1,10,Platinum,new_launch,low
CUST00886,Discount-Dependent,1,1,304.87,5,2,1,8,0.0,0.0,0,1,0,3,,bundle_discount,low
CUST00887,Need Attention,9,1,1399.24,5,2,4,11,0.0,0.0,0,1,2,0,,none,high
CUST00888,At-Risk High-Value,108,1,1200.57,2,2,4,8,0.0,0.0,0,1,1,0,,bundle_discount,high
CUST00889,Champions,44,2,1597.41,4,4,4,12,0.0,0.0,0,2,0,2,,new_launch,medium
CUST00890,Need Attention,24,1,631.59,4,2,2,8,0.0,0.0,1,1,0,1,Gold,bundle_discount,high
CUST00891,Champions,13,2,1207.62,5,4,4,13,0.0,0.0,0,2,0,0,,new_launch,low
CUST00892,Discount-Dependent,9,1,360.98,5,2,1,8,0.0,0.0,0,1,1,5,,bundle_discount,low
CUST00893,Dormant,99,1,563.11,2,2,2,6,0.0,0.0,0,1,0,5,,welcome_offer,high
CUST00894,Champions,25,2,1903.85,4,4,5,13,0.0,0.0,1,2,0,2,,welcome_offer,medium
CUST00895,Discount-Dependent,54,1,168.81,3,2,1,6,0.0,1.0,1,1,1,14,Silver,free_shipping,medium
CUST00896,Champions,10,5,2728.69,5,5,5,15,0.0,0.0,1,3,1,3,,none,medium
CUST00897,Need Attention,13,1,584.95,5,2,2,9,0.0,0.0,0,1,1,3,,new_launch,low
CUST00898,Dormant,339,0,0.0,1,1,1,3,0.0,0.0,0,0,1,2,,free_shipping,high
CUST00899,Dormant,187,0,0.0,1,1,1,3,0.0,0.0,0,0,0,4,Silver,bundle_discount,high
CUST00900,High-Value but Unhappy,58,2,1242.65,3,4,4,11,0.0,1.0,1,2,1,1,Gold,bundle_discount,medium
CUST00901,Champions,35,3,1694.6200000000001,4,5,4,13,0.0,0.0,2,2,0,9,,bundle_discount,medium
CUST00902,Need Attention,6,1,1318.64,5,2,4,11,0.0,0.0,0,1,1,5,,welcome_offer,low
CUST00903,Discount-Dependent,42,1,632.18,4,2,2,8,0.0,1.0,1,1,0,13,Silver,free_shipping,medium
CUST00904,Champions,41,4,3412.27,4,5,5,14,0.25,0.0,0,4,2,7,,bundle_discount,medium
CUST00905,Champions,30,2,1971.87,4,4,5,13,0.0,0.0,0,2,1,11,Gold,bundle_discount,low
CUST00906,Champions,38,2,1449.41,4,4,4,12,0.0,0.0,0,2,0,3,,welcome_offer,medium
CUST00907,Dormant,220,0,0.0,1,1,1,3,0.0,0.0,0,0,0,2,,free_shipping,high
CUST00908,High-Value but Unhappy,27,2,2799.02,4,4,5,13,0.0,1.0,1,1,2,3,Gold,free_shipping,medium
CUST00909,Dormant,185,0,0.0,1,1,1,3,0.0,0.0,0,0,0,0,,new_launch,high
CUST00910,At-Risk High-Value,127,1,1239.32,2,2,4,8,0.0,0.0,0,1,1,3,,free_shipping,high
CUST00911,Champions,30,4,2586.44,4,5,5,14,0.0,0.0,0,4,0,2,,none,low
CUST00912,At-Risk High-Value,138,1,1252.31,2,2,4,8,0.0,0.0,0,1,2,0,,none,high
CUST00913,Dormant,183,0,0.0,1,1,1,3,0.0,0.0,0,0,1,1,,new_launch,high
CUST00914,Champions,36,2,1175.85,4,4,4,12,0.0,0.0,0,2,0,13,Gold,none,medium
CUST00915,Dormant,113,1,600.29,2,2,2,6,0.0,0.0,0,1,0,1,Silver,free_shipping,high
CUST00916,Champions,20,2,1344.17,5,4,4,13,0.0,0.0,1,2,1,9,,free_shipping,medium
CUST00917,Dormant,286,0,0.0,1,1,1,3,0.0,0.0,0,0,1,1,,new_launch,high
CUST00918,Dormant,236,0,0.0,1,1,1,3,0.0,0.0,0,0,0,1,,new_launch,high
CUST00919,High-Value but Unhappy,10,2,1976.3400000000001,5,4,5,14,0.0,1.0,1,2,0,13,,bundle_discount,medium
CUST00920,Discount-Dependent,66,1,761.95,3,2,3,8,1.0,1.0,1,1,3,12,,none,medium
CUST00921,Dormant,195,0,0.0,1,1,1,3,0.0,0.0,0,0,0,3,Gold,none,high
CUST00922,Need Attention,11,1,1131.6,5,2,3,10,0.0,0.0,0,1,3,9,,none,low
CUST00923,High-Value but Unhappy,57,2,1201.76,3,4,4,11,0.0,1.0,1,1,0,8,Silver,welcome_offer,medium
CUST00924,Discount-Dependent,44,1,1642.68,4,2,4,10,0.0,0.0,0,1,1,1,,free_shipping,high
CUST00925,Discount-Dependent,44,1,464.59,4,2,2,8,0.0,0.0,1,1,0,6,,bundle_discount,medium
CUST00926,High-Value but Unhappy,1,3,1704.96,5,5,4,14,0.0,1.0,1,2,0,5,Platinum,bundle_discount,medium
CUST00927,Dormant,343,0,0.0,1,1,1,3,0.0,0.0,0,0,0,1,Platinum,free_shipping,high
CUST00928,Dormant,229,0,0.0,1,1,1,3,0.0,0.0,0,0,2,1,,welcome_offer,high
CUST00929,Need Attention,43,1,325.51,4,2,1,7,0.0,0.0,0,1,1,5,,bundle_discount,medium
CUST00930,High-Value but Unhappy,59,4,2336.4900000000002,3,5,5,13,0.25,1.0,1,3,0,9,Gold,none,medium
CUST00931,Discount-Dependent,30,1,1030.44,4,2,3,9,0.0,0.0,0,1,0,11,,bundle_discount,low
CUST00932,Need Attention,83,1,688.68,3,2,3,8,1.0,1.0,1,1,0,12,Gold,welcome_offer,high
CUST00933,Dormant,205,0,0.0,1,1,1,3,0.0,0.0,0,0,0,0,Silver,none,high
CUST00934,Need Attention,44,1,664.65,4,2,2,8,0.0,0.0,1,1,1,4,,free_shipping,medium
CUST00935,Champions,28,5,3594.4,4,5,5,14,0.0,0.0,0,2,0,7,Gold,none,low
CUST00936,High-Value but Unhappy,35,1,1697.0,4,2,4,10,0.0,1.0,1,1,1,3,Silver,none,medium
CUST00937,At-Risk High-Value,126,2,1039.65,2,4,3,9,0.0,0.0,0,2,2,2,,free_shipping,high
CUST00938,High-Value but Unhappy,26,1,1882.4,4,2,4,10,0.0,1.0,1,1,0,2,,new_launch,medium
CUST00939,Need Attention,9,1,560.91,5,2,2,9,0.0,0.0,0,1,2,7,,none,low
CUST00940,Dormant,236,0,0.0,1,1,1,3,0.0,0.0,0,0,0,0,,new_launch,high
CUST00941,Dormant,183,0,0.0,1,1,1,3,0.0,0.0,0,0,1,6,,welcome_offer,high
CUST00942,Discount-Dependent,7,1,407.18,5,2,2,9,1.0,1.0,1,1,1,4,,bundle_discount,medium
CUST00943,Dormant,346,0,0.0,1,1,1,3,0.0,0.0,0,0,0,2,Silver,free_shipping,high
CUST00944,Discount-Dependent,74,1,630.93,3,2,2,7,1.0,1.0,1,1,1,1,Gold,free_shipping,high
CUST00945,Need Attention,4,1,1143.18,5,2,3,10,0.0,0.0,0,1,0,5,,free_shipping,low
CUST00946,Dormant,173,1,542.29,1,2,2,5,0.0,0.0,0,1,5,4,,free_shipping,high
CUST00947,Champions,41,3,1553.3600000000001,4,5,4,13,0.0,0.0,0,3,0,0,,none,medium
CUST00948,Need Attention,79,1,923.64,3,2,3,8,0.0,0.0,0,1,0,11,,free_shipping,high
CUST00949,Dormant,130,1,610.5,2,2,2,6,0.0,0.0,0,1,0,2,,none,high
CUST00950,Dormant,209,0,0.0,1,1,1,3,0.0,0.0,0,0,0,5,,bundle_discount,high
CUST00951,Need Attention,62,1,602.19,3,2,2,7,0.0,0.0,0,1,2,6,Gold,new_launch,medium
CUST00952,Champions,42,4,3262.96,4,5,5,14,0.0,0.0,0,3,4,16,Gold,none,medium
CUST00953,Champions,9,2,1523.44,5,4,4,13,0.333,0.0,0,3,2,5,Silver,new_launch,low
CUST00954,Loyal Customers,25,2,769.86,4,4,3,11,0.0,0.0,0,2,2,12,,bundle_discount,low
CUST00955,Loyal Customers,63,2,748.92,3,4,3,10,0.0,0.0,0,2,0,4,,none,medium
CUST00956,High-Value but Unhappy,31,2,2241.69,4,4,5,13,0.0,1.0,1,2,1,10,Gold,bundle_discount,medium
CUST00957,Loyal Customers,37,2,1174.3200000000002,4,4,3,11,0.0,0.0,0,2,0,5,,free_shipping,medium
CUST00958,At-Risk High-Value,160,2,1033.42,1,4,3,8,0.0,0.0,0,2,0,2,Silver,bundle_discount,high
CUST00959,Loyal Customers,63,2,644.14,3,4,2,9,0.5,0.0,0,1,0,0,Silver,welcome_offer,medium
CUST00960,High-Value but Unhappy,146,1,1599.13,2,2,4,8,1.0,0.0,0,1,0,1,,free_shipping,high
CUST00961,At-Risk High-Value,151,2,1378.71,1,4,4,9,0.0,0.0,0,2,0,2,,welcome_offer,high
CUST00962,Need Attention,22,1,349.41,4,2,1,7,1.0,1.0,1,1,0,9,,none,medium
CUST00963,Dormant,103,1,641.2,2,2,2,6,0.0,0.0,0,1,1,9,,welcome_offer,high
CUST00964,Dormant,219,0,0.0,1,1,1,3,0.0,0.0,0,0,0,0,,none,high
CUST00965,Loyal Customers,8,2,507.14,5,4,2,11,0.0,0.5,2,1,0,5,Silver,none,medium
CUST00966,Discount-Dependent,40,1,2196.79,4,2,5,11,0.0,0.0,1,1,2,4,,welcome_offer,medium
CUST00967,Dormant,218,0,0.0,1,1,1,3,0.0,0.0,0,0,0,2,,new_launch,high
CUST00968,Dormant,98,1,551.82,2,2,2,6,0.0,1.0,1,1,0,12,,new_launch,high
CUST00969,Champions,31,2,1233.07,4,4,4,12,0.0,0.0,0,2,4,14,Gold,bundle_discount,low
CUST00970,Dormant,188,0,0.0,1,1,1,3,0.0,0.0,0,0,3,6,,none,high
CUST00971,Loyal Customers,62,4,2566.58,3,5,5,13,0.0,0.0,0,3,2,20,,free_shipping,medium
CUST00972,Need Attention,64,1,1679.36,3,2,4,9,0.0,0.0,0,1,4,5,,new_launch,medium
CUST00973,Loyal Customers,22,2,908.6800000000001,4,4,3,11,0.0,0.0,0,2,0,4,Silver,none,low
CUST00974,Loyal Customers,79,2,2105.91,3,4,5,12,0.0,0.0,0,1,0,11,Gold,free_shipping,high
CUST00975,Discount-Dependent,50,1,538.78,3,2,2,7,0.0,0.0,0,1,0,11,Silver,free_shipping,medium
CUST00976,Need Attention,5,1,565.07,5,2,2,9,0.0,0.0,0,1,3,9,,bundle_discount,low
CUST00977,Champions,5,2,1375.4499999999998,5,4,4,13,0.0,0.0,0,2,2,9,,none,low
CUST00978,Dormant,307,0,0.0,1,1,1,3,0.0,0.0,0,0,0,0,,bundle_discount,high
CUST00979,At-Risk High-Value,103,1,699.31,2,2,3,7,0.0,0.0,0,1,0,5,Silver,free_shipping,high
CUST00980,Need Attention,81,1,492.33,3,2,2,7,0.0,0.0,0,1,1,4,Silver,bundle_discount,high
CUST00981,At-Risk High-Value,103,2,1804.73,2,4,4,10,0.0,0.0,0,2,0,6,Gold,bundle_discount,high
CUST00982,At-Risk High-Value,90,4,1862.8899999999999,2,5,4,11,0.0,0.0,0,3,2,4,,welcome_offer,high
CUST00983,Dormant,256,0,0.0,1,1,1,3,0.0,0.0,0,0,0,1,,welcome_offer,high
CUST00984,Loyal Customers,44,2,1055.25,4,4,3,11,0.0,0.0,0,1,0,3,Silver,free_shipping,medium
CUST00985,Need Attention,85,1,734.6,3,2,3,8,0.0,1.0,1,1,0,5,,none,high
CUST00986,Loyal Customers,62,2,1068.02,3,4,3,10,0.0,0.0,0,2,0,1,,none,medium
CUST00987,High-Value but Unhappy,7,1,1720.99,5,2,4,11,0.0,1.0,1,1,0,2,Gold,bundle_discount,medium
CUST00988,Champions,3,5,3639.98,5,5,5,15,0.0,0.0,0,3,0,3,,welcome_offer,low
CUST00989,At-Risk High-Value,158,2,934.14,1,4,3,8,0.0,0.0,0,2,0,0,,new_launch,high
CUST00990,At-Risk High-Value,167,3,3332.24,1,5,5,11,0.0,0.0,0,2,0,6,,none,high
CUST00991,Champions,41,3,3874.42,4,5,5,14,0.0,0.0,0,3,1,9,Gold,new_launch,medium
CUST00992,Dormant,272,0,0.0,1,1,1,3,0.0,0.0,0,0,3,6,,free_shipping,high
CUST00993,At-Risk High-Value,164,1,1246.69,1,2,4,7,0.0,0.0,0,1,0,1,,none,high
CUST00994,Loyal Customers,52,2,2173.23,3,4,5,12,0.0,0.0,0,2,1,8,Silver,new_launch,medium
CUST00995,Dormant,159,1,538.57,1,2,2,5,0.0,0.0,0,1,1,6,,free_shipping,high
CUST00996,High-Value but Unhappy,8,5,2250.83,5,5,5,15,0.0,1.0,1,3,0,14,,bundle_discount,medium
CUST00997,Dormant,180,0,0.0,1,1,1,3,0.0,0.0,0,1,1,4,,none,high
CUST00998,Loyal Customers,63,3,3005.34,3,5,5,13,0.0,0.0,0,3,0,6,Silver,new_launch,medium
CUST00999,At-Risk High-Value,148,1,1000.1,1,2,3,6,0.0,0.0,0,1,1,0,Silver,none,high
CUST01000,Loyal Customers,52,2,746.9300000000001,3,4,3,10,0.0,0.0,0,2,0,3,,new_launch,medium
CUST01001,Dormant,313,0,0.0,1,1,1,3,0.0,0.0,0,0,2,1,Silver,free_shipping,high
CUST01002,Loyal Customers,71,2,1215.2,3,4,4,11,0.0,0.0,0,2,0,11,Silver,none,medium
CUST01003,At-Risk High-Value,138,1,944.62,2,2,3,7,0.0,0.0,0,1,0,6,,free_shipping,high
CUST01004,Dormant,215,0,0.0,1,1,1,3,0.0,0.0,0,0,0,1,,welcome_offer,high
CUST01005,At-Risk High-Value,144,1,1329.67,2,2,4,8,0.0,0.0,0,1,0,4,,none,high
CUST01006,Need Attention,4,1,404.58,5,2,2,9,0.0,0.0,0,1,0,3,Silver,free_shipping,low
CUST01007,At-Risk High-Value,86,2,1237.64,2,4,4,10,0.0,0.0,0,2,2,5,Silver,bundle_discount,high
CUST01008,Dormant,269,0,0.0,1,1,1,3,0.0,0.0,0,0,0,1,,new_launch,high
CUST01009,Discount-Dependent,41,1,334.39,4,2,1,7,0.0,0.0,0,1,0,7,,none,medium
CUST01010,Need Attention,22,1,531.29,4,2,2,8,0.0,0.0,0,1,0,3,,welcome_offer,low
CUST01011,Dormant,365,0,0.0,1,1,1,3,0.0,0.0,0,0,0,4,,bundle_discount,high
CUST01012,High-Value but Unhappy,30,2,1273.46,4,4,4,12,0.0,1.0,1,2,0,7,,free_shipping,medium
CUST01013,Dormant,307,0,0.0,1,1,1,3,0.0,0.0,0,0,0,0,,free_shipping,high
CUST01014,Dormant,137,1,669.36,2,2,2,6,0.0,0.0,0,1,1,1,,new_launch,high
CUST01015,Need Attention,39,1,522.47,4,2,2,8,0.0,0.0,0,1,1,12,Silver,none,medium
CUST01016,Loyal Customers,0,2,879.1499999999999,5,4,3,12,0.0,0.0,0,2,0,6,Gold,bundle_discount,low
CUST01017,At-Risk High-Value,133,2,1167.28,2,4,3,9,0.5,0.0,0,2,0,3,,bundle_discount,high
CUST01018,Discount-Dependent,4,1,403.76,5,2,2,9,0.0,0.0,1,1,1,10,,bundle_discount,medium
CUST01019,Dormant,290,0,0.0,1,1,1,3,0.0,0.0,0,0,3,4,,none,high
CUST01020,Dormant,131,1,236.73,2,2,1,5,0.0,0.0,0,1,0,1,Silver,new_launch,high
CUST01021,Loyal Customers,15,2,1013.42,5,4,3,12,0.5,1.0,1,1,2,6,,new_launch,medium
CUST01022,Dormant,252,0,0.0,1,1,1,3,0.0,0.0,0,0,0,0,,free_shipping,high
CUST01023,Dormant,204,0,0.0,1,1,1,3,0.0,0.0,0,0,0,8,Gold,none,high
CUST01024,Discount-Dependent,20,1,370.39,5,2,1,8,0.0,0.0,0,1,2,10,,bundle_discount,low
CUST01025,High-Value but Unhappy,29,2,2765.56,4,4,5,13,0.0,1.0,1,2,5,20,Platinum,bundle_discount,medium
CUST01026,Discount-Dependent,65,1,220.88,3,2,1,6,0.0,0.0,0,1,1,9,,new_launch,medium
CUST01027,High-Value but Unhappy,58,4,4029.9500000000003,3,5,5,13,0.0,1.0,1,3,0,11,,new_launch,medium
CUST01028,At-Risk High-Value,173,1,2809.6,1,2,5,8,0.0,0.0,0,1,0,6,Silver,none,high
CUST01029,Dormant,110,1,302.44,2,2,1,5,0.0,0.0,0,1,0,3,Gold,welcome_offer,high
CUST01030,Champions,32,5,5590.34,4,5,5,14,0.0,0.0,0,3,2,10,Silver,welcome_offer,low
CUST01031,Dormant,174,1,439.44,1,2,2,5,0.0,0.0,0,1,0,4,Silver,new_launch,high
CUST01032,Discount-Dependent,11,1,624.38,5,2,2,9,0.0,0.0,0,1,2,5,Silver,none,low
CUST01033,High-Value but Unhappy,14,6,3749.69,5,5,5,15,0.167,1.0,2,4,1,4,,free_shipping,medium
CUST01034,At-Risk High-Value,100,1,777.18,2,2,3,7,0.0,0.0,0,1,2,9,Silver,none,high
CUST01035,Champions,5,4,1334.0,5,5,4,14,0.0,0.0,0,3,1,5,,none,low
CUST01036,At-Risk High-Value,141,3,3112.5499999999997,2,5,5,12,0.0,0.0,0,3,0,8,,welcome_offer,high
CUST01037,Discount-Dependent,8,1,681.83,5,2,2,9,0.0,0.0,0,1,0,6,Silver,free_shipping,low
CUST01038,High-Value but Unhappy,52,3,1370.19,3,5,4,12,0.0,1.0,1,3,1,4,,bundle_discount,medium
CUST01039,Dormant,129,1,544.8,2,2,2,6,0.0,0.0,0,1,1,12,,new_launch,high
CUST01040,Dormant,130,1,594.23,2,2,2,6,0.0,0.0,0,1,0,1,,bundle_discount,high
CUST01041,Dormant,164,1,149.0,1,2,1,4,0.0,0.0,0,1,0,1,Silver,new_launch,high
CUST01042,Need Attention,0,1,610.96,5,2,2,9,0.0,0.0,0,1,1,10,,welcome_offer,low
CUST01043,Discount-Dependent,74,1,464.25,3,2,2,7,0.0,0.0,0,1,0,1,,new_launch,high
CUST01044,Need Attention,84,1,2141.49,3,2,5,10,0.0,0.0,0,1,0,2,,new_launch,high
CUST01045,Dormant,143,1,478.91,2,2,2,6,0.0,0.0,0,1,0,4,,none,high
CUST01046,At-Risk High-Value,105,1,1032.89,2,2,3,7,0.0,0.0,0,1,0,1,,none,high
CUST01047,Dormant,149,1,389.07,1,2,2,5,0.0,0.0,0,1,0,2,Silver,new_launch,high
CUST01048,Dormant,128,1,616.59,2,2,2,6,0.0,0.0,0,1,0,8,,free_shipping,high
CUST01049,Dormant,144,1,345.2,2,2,1,5,0.0,0.0,0,1,1,6,,none,high
CUST01050,Champions,5,2,1629.56,5,4,4,13,0.0,0.0,0,2,0,8,Silver,free_shipping,low
CUST01051,Dormant,103,1,632.45,2,2,2,6,0.0,0.0,0,1,3,7,Silver,free_shipping,high
CUST01052,At-Risk High-Value,173,1,763.75,1,2,3,6,0.0,0.0,0,1,0,7,Gold,bundle_discount,high
CUST01053,At-Risk High-Value,146,1,2124.84,2,2,5,9,0.0,0.0,0,1,0,0,Silver,free_shipping,high
CUST01054,Dormant,176,1,523.99,1,2,2,5,0.0,0.0,0,1,0,1,Silver,none,high
CUST01055,Dormant,206,0,0.0,1,1,1,3,0.0,0.0,0,0,3,12,,bundle_discount,high
CUST01056,High-Value but Unhappy,64,3,2638.62,3,5,5,13,0.333,1.0,1,2,0,3,,free_shipping,medium
CUST01057,Need Attention,2,1,916.36,5,2,3,10,0.0,1.0,1,1,2,3,,none,medium
CUST01058,Dormant,110,1,358.99,2,2,1,5,0.0,0.0,0,1,1,1,,welcome_offer,high
CUST01059,Dormant,146,1,601.72,2,2,2,6,0.0,0.0,0,1,0,5,Platinum,welcome_offer,high
CUST01060,Loyal Customers,52,2,1762.54,3,4,4,11,0.0,0.0,1,2,0,2,Silver,new_launch,medium
CUST01061,Discount-Dependent,2,1,375.42,5,2,2,9,0.0,0.0,0,1,1,11,Silver,bundle_discount,low
CUST01062,Dormant,294,0,0.0,1,1,1,3,0.0,0.0,0,0,2,1,Silver,new_launch,high
CUST01063,Discount-Dependent,20,1,259.22,5,2,1,8,1.0,1.0,1,1,1,2,,welcome_offer,medium
CUST01064,Loyal Customers,6,2,898.3599999999999,5,4,3,12,0.0,0.0,0,2,0,9,Silver,new_launch,low
CUST01065,Need Attention,3,1,621.74,5,2,2,9,0.0,0.0,0,1,0,4,Silver,new_launch,low
CUST01066,Need Attention,11,1,816.92,5,2,3,10,0.0,0.0,0,1,2,2,,none,low
CUST01067,Need Attention,25,1,380.56,4,2,2,8,0.0,0.0,0,1,0,3,Platinum,none,low
CUST01068,At-Risk High-Value,130,2,1631.92,2,4,4,10,0.0,0.0,0,2,0,2,Silver,new_launch,high
CUST01069,Need Attention,55,1,1446.51,3,2,4,9,0.0,0.0,0,1,1,3,Gold,none,medium
CUST01070,Discount-Dependent,11,1,353.84,5,2,1,8,0.0,0.0,0,1,1,1,,welcome_offer,high
CUST01071,Need Attention,14,1,690.61,5,2,3,10,0.0,0.0,0,1,1,7,,welcome_offer,low
CUST01072,Dormant,183,0,0.0,1,1,1,3,0.0,0.0,0,0,3,8,,none,high
CUST01073,High-Value but Unhappy,80,1,2726.65,3,2,5,10,1.0,1.0,1,1,0,5,,bundle_discount,high
CUST01074,At-Risk High-Value,114,2,1253.47,2,4,4,10,0.0,0.0,0,2,0,12,Gold,new_launch,high
CUST01075,High-Value but Unhappy,26,2,1464.29,4,4,4,12,1.0,0.5,2,2,0,1,,welcome_offer,medium
CUST01076,Loyal Customers,83,2,1016.25,3,4,3,10,0.0,0.0,0,2,0,2,Silver,free_shipping,high
CUST01077,Discount-Dependent,68,1,1080.77,3,2,3,8,0.0,0.0,0,1,0,1,,free_shipping,high
CUST01078,Dormant,156,1,415.88,1,2,2,5,0.0,0.0,0,1,1,2,Silver,bundle_discount,high
CUST01079,At-Risk High-Value,177,1,1832.92,1,2,4,7,0.0,0.0,0,1,0,5,,none,high
CUST01080,Dormant,117,1,410.76,2,2,2,6,1.0,0.0,0,1,1,0,,welcome_offer,high
CUST01081,Loyal Customers,19,2,1142.4099999999999,5,4,3,12,0.0,0.0,0,2,1,0,,welcome_offer,low
CUST01082,Discount-Dependent,35,1,1181.66,4,2,4,10,0.0,0.0,0,1,0,4,,none,low
CUST01083,Dormant,236,0,0.0,1,1,1,3,0.0,0.0,0,0,2,1,,free_shipping,high
CUST01084,Loyal Customers,76,3,1482.72,3,5,4,12,0.0,0.0,0,3,0,3,Gold,free_shipping,high
CUST01085,Dormant,358,0,0.0,1,1,1,3,0.0,0.0,0,0,1,1,Gold,new_launch,high
CUST01086,High-Value but Unhappy,71,2,1458.11,3,4,4,11,0.5,1.0,1,2,0,8,Silver,free_shipping,medium
CUST01087,Discount-Dependent,2,1,839.43,5,2,3,10,1.0,1.0,1,1,1,2,Silver,bundle_discount,medium
CUST01088,Discount-Dependent,0,1,361.44,5,2,1,8,0.0,0.0,0,1,1,8,,welcome_offer,low
CUST01089,Discount-Dependent,25,1,337.51,4,2,1,7,0.0,0.0,0,1,0,2,,none,low
CUST01090,At-Risk High-Value,144,2,1200.77,2,4,4,10,0.0,0.0,0,2,0,1,,new_launch,high
CUST01091,Dormant,87,1,505.4,2,2,2,6,0.0,1.0,1,1,0,7,,welcome_offer,high
CUST01092,Dormant,196,0,0.0,1,1,1,3,0.0,0.0,0,0,0,2,,new_launch,high
CUST01093,Dormant,285,0,0.0,1,1,1,3,0.0,0.0,0,0,0,5,,bundle_discount,high
CUST01094,Loyal Customers,72,3,1690.19,3,5,4,12,0.0,0.0,0,3,0,1,Silver,none,medium
CUST01095,Discount-Dependent,41,1,455.86,4,2,2,8,0.0,0.0,0,1,1,2,Gold,none,medium
CUST01096,Champions,3,5,4119.91,5,5,5,15,0.167,0.0,0,4,2,10,Gold,new_launch,low
CUST01097,Dormant,233,0,0.0,1,1,1,3,0.0,0.0,0,0,0,4,,new_launch,high
CUST01098,Dormant,198,0,0.0,1,1,1,3,0.0,0.0,0,0,0,3,,free_shipping,high
CUST01099,Champions,14,4,3261.15,5,5,5,15,0.0,0.0,0,3,2,9,Silver,free_shipping,low
CUST01100,Discount-Dependent,24,1,491.36,4,2,2,8,0.0,0.0,0,1,0,3,,free_shipping,low
CUST01101,Need Attention,10,1,732.91,5,2,3,10,0.0,0.0,0,1,0,2,,free_shipping,low
CUST01102,Need Attention,79,1,1201.95,3,2,4,9,0.0,0.0,0,1,0,7,Gold,none,high
CUST01103,Loyal Customers,76,2,899.6,3,4,3,10,0.0,1.0,1,2,1,0,,free_shipping,high
CUST01104,Dormant,99,1,515.98,2,2,2,6,0.0,0.0,0,1,0,8,,none,high
CUST01105,Loyal Customers,84,3,1353.63,3,5,4,12,0.0,0.0,0,3,1,6,,new_launch,high
CUST01106,Need Attention,81,1,1006.69,3,2,3,8,0.0,0.0,0,1,2,14,Silver,new_launch,high
CUST01107,At-Risk High-Value,91,2,980.0699999999999,2,4,3,9,0.0,0.0,0,2,0,2,,none,high
CUST01108,Champions,40,2,1775.94,4,4,4,12,0.0,0.0,0,1,0,2,,new_launch,medium
CUST01109,Discount-Dependent,25,1,304.94,4,2,1,7,0.0,0.0,0,1,1,7,,free_shipping,low
CUST01110,Dormant,260,0,0.0,1,1,1,3,0.0,0.0,0,0,0,1,,bundle_discount,high
CUST01111,At-Risk High-Value,95,2,876.58,2,4,3,9,0.0,1.0,1,2,1,1,,bundle_discount,high
CUST01112,Loyal Customers,57,2,1951.21,3,4,5,12,0.0,0.0,1,2,1,5,,new_launch,medium
CUST01113,Discount-Dependent,107,2,645.85,2,4,2,8,0.0,0.0,0,2,0,8,Silver,welcome_offer,high
CUST01114,At-Risk High-Value,147,1,831.94,2,2,3,7,0.0,0.0,0,1,0,1,,bundle_discount,high
CUST01115,High-Value but Unhappy,17,6,4036.99,5,5,5,15,0.167,1.0,2,3,0,4,Platinum,none,medium
CUST01116,High-Value but Unhappy,54,1,2054.97,3,2,5,10,0.0,1.0,1,1,0,7,,welcome_offer,medium
CUST01117,Champions,42,4,2817.56,4,5,5,14,0.0,0.0,0,3,0,7,,bundle_discount,medium
CUST01118,Dormant,170,1,618.9,1,2,2,5,0.0,0.0,0,1,1,0,,free_shipping,high
CUST01119,Dormant,124,1,654.67,2,2,2,6,0.0,0.0,0,1,0,4,,new_launch,high
CUST01120,Need Attention,61,1,1184.85,3,2,4,9,0.0,0.0,0,1,2,7,,none,medium
CUST01121,Dormant,88,1,149.0,2,2,1,5,0.0,0.0,0,1,0,0,Silver,new_launch,high
CUST01122,Need Attention,6,1,1209.05,5,2,4,11,0.0,0.0,0,1,0,7,Gold,none,low
CUST01123,Dormant,182,0,0.0,1,1,1,3,0.0,0.0,0,0,0,1,,bundle_discount,high
CUST01124,At-Risk High-Value,172,3,1635.22,1,5,4,10,0.0,0.0,0,2,0,9,Silver,none,high
CUST01125,Dormant,245,0,0.0,1,1,1,3,0.0,0.0,0,0,1,2,,none,high
CUST01126,Champions,16,2,2073.54,5,4,5,14,0.0,0.0,0,1,1,11,,none,low
CUST01127,At-Risk High-Value,130,2,774.6899999999999,2,4,3,9,0.0,0.0,0,2,0,1,,welcome_offer,high
CUST01128,Dormant,182,0,0.0,1,1,1,3,0.0,0.0,0,0,0,4,,new_launch,high
CUST01129,Dormant,157,1,675.97,1,2,2,5,0.0,0.0,0,1,0,7,Gold,free_shipping,high
CUST01130,At-Risk High-Value,99,2,1316.25,2,4,4,10,0.0,0.0,0,2,0,6,,welcome_offer,high
CUST01131,Discount-Dependent,22,1,590.57,4,2,2,8,0.0,1.0,1,1,2,4,,new_launch,medium
CUST01132,Champions,4,2,2542.9700000000003,5,4,5,14,0.0,0.0,0,2,2,17,,bundle_discount,low
CUST01133,Loyal Customers,36,2,779.1500000000001,4,4,3,11,0.0,0.0,0,2,0,9,,welcome_offer,medium
CUST01134,Loyal Customers,78,2,3034.1,3,4,5,12,0.0,0.0,0,2,0,13,,free_shipping,high
CUST01135,At-Risk High-Value,93,2,2933.65,2,4,5,11,0.0,0.0,0,2,0,2,,new_launch,high
CUST01136,At-Risk High-Value,97,3,2094.46,2,5,5,12,0.333,0.0,1,3,0,1,,free_shipping,high
CUST01137,Dormant,115,1,468.15,2,2,2,6,1.0,0.0,0,1,0,9,Gold,bundle_discount,high
CUST01138,At-Risk High-Value,134,2,1225.17,2,4,4,10,0.0,0.0,0,2,0,2,Gold,welcome_offer,high
CUST01139,Need Attention,21,1,2270.63,4,2,5,11,0.0,0.0,0,1,0,4,Gold,none,low
CUST01140,Champions,22,3,1680.0,4,5,4,13,0.0,0.0,1,3,0,3,Silver,bundle_discount,medium
CUST01141,At-Risk High-Value,115,1,691.6,2,2,3,7,0.0,0.0,0,1,0,2,Silver,welcome_offer,high
CUST01142,Loyal Customers,40,2,1015.4200000000001,4,4,3,11,0.0,0.0,0,2,1,19,Silver,welcome_offer,medium
CUST01143,Discount-Dependent,0,1,438.47,5,2,2,9,0.0,0.0,0,1,0,1,,welcome_offer,high
CUST01144,Champions,38,3,3548.18,4,5,5,14,0.333,0.0,0,2,0,6,,new_launch,medium
CUST01145,Dormant,183,0,0.0,1,1,1,3,0.0,0.0,0,0,1,2,Platinum,welcome_offer,high
CUST01146,Champions,23,2,1903.5300000000002,4,4,5,13,0.0,0.0,0,2,0,12,,new_launch,low
CUST01147,Loyal Customers,1,3,1074.03,5,5,3,13,0.0,0.0,0,3,0,12,,new_launch,low
CUST01148,At-Risk High-Value,128,7,5448.0,2,5,5,12,0.0,0.0,0,5,0,1,,welcome_offer,high
CUST01149,Loyal Customers,72,2,1019.31,3,4,3,10,0.0,0.0,0,2,0,0,Silver,free_shipping,medium
CUST01150,Dormant,167,1,499.51,1,2,2,5,0.0,0.0,0,1,0,3,Gold,free_shipping,high
CUST01151,At-Risk High-Value,105,1,716.41,2,2,3,7,0.0,0.0,0,1,1,1,,new_launch,high
CUST01152,Champions,1,6,5679.21,5,5,5,15,0.0,0.0,1,4,0,9,,none,medium
CUST01153,Discount-Dependent,33,1,714.43,4,2,3,9,1.0,1.0,1,1,1,7,Gold,new_launch,medium
CUST01154,Loyal Customers,55,2,1966.9299999999998,3,4,5,12,0.0,0.0,0,2,3,11,Gold,welcome_offer,medium
CUST01155,High-Value but Unhappy,1,2,1251.4099999999999,5,4,4,13,1.0,1.0,2,2,0,12,Gold,new_launch,medium
CUST01156,Loyal Customers,7,2,807.1500000000001,5,4,3,12,0.0,0.0,0,2,0,5,Platinum,welcome_offer,low
CUST01157,Need Attention,0,1,738.92,5,2,3,10,0.0,0.0,0,1,1,7,,new_launch,low
CUST01158,Champions,42,3,3891.19,4,5,5,14,0.0,0.0,0,3,0,11,Silver,new_launch,medium
CUST01159,Loyal Customers,68,2,1438.23,3,4,4,11,0.0,0.0,0,2,0,2,,none,medium
CUST01160,At-Risk High-Value,166,1,943.21,1,2,3,6,0.0,0.0,0,1,0,2,Silver,new_launch,high
CUST01161,At-Risk High-Value,154,2,1442.53,1,4,4,9,0.5,0.0,0,2,0,5,Gold,none,high
CUST01162,Dormant,175,1,377.52,1,2,2,5,0.0,0.0,0,1,0,1,Gold,welcome_offer,high
CUST01163,Dormant,375,0,0.0,1,1,1,3,0.0,0.0,0,0,0,3,Silver,none,high
CUST01164,Discount-Dependent,37,1,965.68,4,2,3,9,0.0,0.0,0,1,0,15,Platinum,new_launch,medium
CUST01165,Dormant,155,1,380.89,1,2,2,5,0.0,0.0,0,1,0,5,Silver,new_launch,high
CUST01166,High-Value but Unhappy,41,2,1845.94,4,4,4,12,0.0,1.0,1,1,0,2,Gold,new_launch,medium
CUST01167,Champions,23,4,3206.2900000000004,4,5,5,14,0.0,0.0,0,4,0,3,,bundle_discount,low
CUST01168,Discount-Dependent,14,1,510.5,5,2,2,9,0.0,0.0,0,1,2,8,,free_shipping,low
CUST01169,High-Value but Unhappy,54,1,1183.74,3,2,4,9,1.0,1.0,1,1,5,13,Gold,bundle_discount,medium
CUST01170,Dormant,139,1,294.87,2,2,1,5,0.0,0.0,0,1,0,2,,welcome_offer,high
CUST01171,At-Risk High-Value,132,1,744.73,2,2,3,7,0.0,0.0,0,1,0,3,,bundle_discount,high
CUST01172,Champions,27,3,3081.4900000000002,4,5,5,14,0.0,0.0,0,2,0,4,,bundle_discount,low
CUST01173,Loyal Customers,78,2,969.44,3,4,3,10,0.0,0.0,0,2,0,9,,new_launch,high
CUST01174,Dormant,89,1,398.68,2,2,2,6,0.0,0.0,0,1,1,10,,welcome_offer,high
CUST01175,Loyal Customers,48,3,2166.05,3,5,5,13,0.0,0.0,0,2,1,9,,new_launch,medium
CUST01176,Dormant,215,0,0.0,1,1,1,3,0.0,0.0,0,0,1,6,,none,high
CUST01177,Loyal Customers,56,3,2144.58,3,5,5,13,0.0,0.0,0,3,0,0,,bundle_discount,medium
CUST01178,Loyal Customers,67,3,1298.14,3,5,4,12,0.0,0.0,0,2,1,10,,bundle_discount,medium
CUST01179,Dormant,108,1,536.83,2,2,2,6,0.0,0.0,0,1,0,5,Silver,free_shipping,high
CUST01180,High-Value but Unhappy,23,2,2328.54,4,4,5,13,1.0,0.5,2,2,1,2,Gold,welcome_offer,medium
CUST01181,Dormant,137,1,296.32,2,2,1,5,0.0,0.0,0,1,0,2,,free_shipping,high
CUST01182,Dormant,108,1,520.96,2,2,2,6,0.0,0.0,0,1,0,8,,free_shipping,high
CUST01183,Need Attention,6,1,568.08,5,2,2,9,0.0,0.0,0,1,0,0,Silver,none,high
CUST01184,Champions,30,3,1606.64,4,5,4,13,0.0,0.0,0,3,1,5,,free_shipping,low
CUST01185,Champions,23,2,1286.63,4,4,4,12,0.0,0.0,0,2,2,1,Silver,welcome_offer,low
CUST01186,At-Risk High-Value,153,2,2183.8,1,4,5,10,0.0,0.0,0,1,0,1,,free_shipping,high
CUST01187,High-Value but Unhappy,26,3,1729.96,4,5,4,13,0.0,1.0,1,3,0,3,Silver,welcome_offer,medium
CUST01188,At-Risk High-Value,92,2,688.52,2,4,3,9,0.5,1.0,1,2,3,14,Gold,none,high
CUST01189,At-Risk High-Value,161,2,2721.2299999999996,1,4,5,10,0.0,0.0,0,1,0,7,,free_shipping,high
CUST01190,Champions,27,3,1339.05,4,5,4,13,0.0,0.0,0,3,0,3,,welcome_offer,low
CUST01191,Discount-Dependent,52,1,510.71,3,2,2,7,0.0,0.0,0,1,0,1,,welcome_offer,high
CUST01192,Champions,24,3,1408.3999999999999,4,5,4,13,0.0,0.0,0,2,0,11,,bundle_discount,low
CUST01193,Dormant,457,0,0.0,1,1,1,3,0.0,0.0,0,0,0,0,Silver,new_launch,high
CUST01194,Loyal Customers,85,2,1089.0,3,4,3,10,0.5,1.0,1,2,1,2,,bundle_discount,high
CUST01195,Dormant,94,1,542.27,2,2,2,6,1.0,0.0,0,1,0,4,Silver,none,high
CUST01196,At-Risk High-Value,111,2,2239.79,2,4,5,11,0.5,0.0,0,2,1,9,,welcome_offer,high
CUST01197,Loyal Customers,77,2,406.22,3,4,2,9,0.0,0.0,0,1,3,3,,bundle_discount,high
CUST01198,Discount-Dependent,31,1,592.73,4,2,2,8,0.0,0.0,1,1,0,5,Silver,bundle_discount,medium
CUST01199,Dormant,359,0,0.0,1,1,1,3,0.0,0.0,0,0,0,1,Silver,new_launch,high
CUST01200,Need Attention,58,1,524.27,3,2,2,7,0.0,0.0,0,1,1,5,Platinum,none,medium
CUST01201,At-Risk High-Value,158,1,842.85,1,2,3,6,0.0,0.0,0,1,0,7,Platinum,new_launch,high
CUST01202,Dormant,132,1,650.67,2,2,2,6,0.0,0.0,0,1,3,10,,free_shipping,high
CUST01203,Discount-Dependent,60,1,149.0,3,2,1,6,0.0,0.0,0,1,0,4,,none,medium
CUST01204,Discount-Dependent,81,1,493.88,3,2,2,7,0.0,0.0,0,1,0,0,Gold,free_shipping,high
CUST01205,Dormant,262,0,0.0,1,1,1,3,0.0,0.0,0,0,0,1,,welcome_offer,high
CUST01206,Need Attention,73,1,819.46,3,2,3,8,0.0,0.0,0,1,0,10,,bundle_discount,medium
CUST01207,Dormant,110,1,350.93,2,2,1,5,0.0,0.0,0,1,0,0,,new_launch,high
CUST01208,At-Risk High-Value,95,2,834.32,2,4,3,9,0.0,0.0,0,2,2,1,Silver,welcome_offer,high
CUST01209,Loyal Customers,14,2,674.55,5,4,2,11,0.0,0.0,0,2,1,5,,none,low
CUST01210,Dormant,266,0,0.0,1,1,1,3,0.0,0.0,0,0,1,0,Silver,new_launch,high
CUST01211,Champions,5,3,2452.85,5,5,5,15,0.333,0.0,2,3,1,8,Platinum,bundle_discount,medium
CUST01212,Champions,20,2,2285.58,5,4,5,14,0.0,0.0,0,2,1,0,,new_launch,low
CUST01213,Dormant,163,1,492.41,1,2,2,5,0.0,0.0,0,1,1,3,Silver,free_shipping,high
CUST01214,At-Risk High-Value,124,1,1069.42,2,2,3,7,0.0,0.0,0,1,0,2,Silver,free_shipping,high
CUST01215,Loyal Customers,80,2,1232.11,3,4,4,11,0.0,0.0,0,1,2,0,,bundle_discount,high
CUST01216,At-Risk High-Value,107,1,1022.33,2,2,3,7,0.0,0.0,0,1,2,10,Silver,bundle_discount,high
CUST01217,Dormant,163,1,630.07,1,2,2,5,0.0,0.0,0,1,0,6,,bundle_discount,high
CUST01218,Need Attention,0,1,738.52,5,2,3,10,0.0,0.0,0,1,0,6,Silver,welcome_offer,low
CUST01219,At-Risk High-Value,86,2,832.04,2,4,3,9,0.0,1.0,1,1,0,5,,free_shipping,high
CUST01220,At-Risk High-Value,98,1,1095.74,2,2,3,7,0.0,0.0,0,1,0,1,,new_launch,high
CUST01221,Discount-Dependent,13,1,405.2,5,2,2,9,0.0,0.0,0,1,0,6,,bundle_discount,low
CUST01222,Need Attention,18,1,1199.39,5,2,4,11,0.0,0.0,0,1,1,0,Silver,none,high
CUST01223,At-Risk High-Value,118,3,1444.4,2,5,4,11,0.0,0.0,0,3,0,1,Gold,free_shipping,high
CUST01224,Discount-Dependent,33,1,1005.1,4,2,3,9,0.0,0.0,0,1,2,7,,new_launch,low
CUST01225,Dormant,97,1,620.28,2,2,2,6,0.0,1.0,1,1,0,3,,new_launch,high
CUST01226,High-Value but Unhappy,37,3,1546.94,4,5,4,13,0.667,1.0,1,3,0,6,Silver,none,medium
CUST01227,High-Value but Unhappy,43,3,1385.66,4,5,4,13,0.333,1.0,1,3,0,8,Silver,none,medium
CUST01228,Dormant,212,0,0.0,1,1,1,3,0.0,0.0,0,0,0,1,Silver,free_shipping,high
CUST01229,Dormant,147,1,484.49,2,2,2,6,0.0,0.0,0,1,0,5,,none,high
CUST01230,Dormant,112,1,370.67,2,2,1,5,0.0,0.0,0,1,0,2,,bundle_discount,high
CUST01231,Dormant,226,0,0.0,1,1,1,3,0.0,0.0,0,0,0,0,,free_shipping,high
CUST01232,Dormant,183,0,0.0,1,1,1,3,0.0,0.0,0,0,0,8,,free_shipping,high
CUST01233,Need Attention,64,1,551.18,3,2,2,7,0.0,0.0,0,1,0,8,,free_shipping,medium
CUST01234,At-Risk High-Value,115,2,1809.4,2,4,4,10,0.0,0.0,0,2,1,3,,free_shipping,high
CUST01235,Dormant,161,1,522.53,1,2,2,5,0.0,0.0,0,1,1,3,,new_launch,high
CUST01236,Loyal Customers,6,3,971.97,5,5,3,13,0.0,0.0,0,3,0,8,Gold,bundle_discount,low
CUST01237,At-Risk High-Value,103,2,1243.5,2,4,4,10,0.0,0.0,0,2,0,1,,new_launch,high
CUST01238,High-Value but Unhappy,68,3,3438.43,3,5,5,13,0.0,1.0,1,3,1,1,,new_launch,medium
CUST01239,Dormant,193,0,0.0,1,1,1,3,0.0,0.0,0,0,0,7,Silver,bundle_discount,high
CUST01240,Discount-Dependent,19,1,434.11,5,2,2,9,0.0,0.0,0,1,2,10,,bundle_discount,low
CUST01241,Need Attention,38,1,185.08,4,2,1,7,0.0,0.0,0,1,0,9,,bundle_discount,medium
CUST01242,Champions,29,5,6982.41,4,5,5,14,0.0,0.0,1,4,2,0,Gold,bundle_discount,medium
CUST01243,Loyal Customers,74,2,1074.6100000000001,3,4,3,10,0.0,0.0,0,1,0,8,,free_shipping,medium
CUST01244,High-Value but Unhappy,34,2,2233.4,4,4,5,13,0.0,1.0,1,2,0,7,Gold,none,medium
CUST01245,Dormant,255,0,0.0,1,1,1,3,0.0,0.0,0,0,0,2,,new_launch,high
CUST01246,Dormant,262,0,0.0,1,1,1,3,0.0,0.0,0,0,3,1,Silver,none,high
CUST01247,High-Value but Unhappy,3,1,1439.66,5,2,4,11,0.0,1.0,1,1,2,12,,none,medium
CUST01248,At-Risk High-Value,103,1,1386.38,2,2,4,8,0.0,0.0,0,1,1,5,,free_shipping,high
CUST01249,Loyal Customers,57,4,2733.47,3,5,5,13,0.0,0.0,0,3,4,12,Platinum,none,medium
CUST01250,Dormant,175,1,612.27,1,2,2,5,0.0,0.0,0,1,2,0,Silver,bundle_discount,high
CUST01251,Discount-Dependent,52,1,420.63,3,2,2,7,0.0,0.0,0,1,1,3,,none,medium
CUST01252,Champions,38,2,2038.9299999999998,4,4,5,13,0.0,0.0,0,2,0,1,Gold,free_shipping,medium
CUST01253,At-Risk High-Value,99,2,2035.62,2,4,5,11,0.0,0.0,0,2,1,13,,bundle_discount,high
CUST01254,High-Value but Unhappy,76,2,2465.71,3,4,5,12,0.0,1.0,1,1,0,3,Silver,new_launch,high
CUST01255,High-Value but Unhappy,78,1,2060.75,3,2,5,10,0.0,1.0,1,1,0,8,,new_launch,high
CUST01256,Dormant,286,0,0.0,1,1,1,3,0.0,0.0,0,0,1,3,,new_launch,high
CUST01257,Loyal Customers,27,2,765.27,4,4,3,11,0.5,1.0,1,1,0,4,Silver,welcome_offer,medium
CUST01258,Dormant,250,0,0.0,1,1,1,3,0.0,0.0,0,0,0,7,Silver,new_launch,high
CUST01259,At-Risk High-Value,94,1,694.35,2,2,3,7,1.0,1.0,1,1,0,0,Silver,bundle_discount,high
CUST01260,Need Attention,9,1,913.67,5,2,3,10,0.0,0.0,0,1,0,4,,new_launch,low
CUST01261,Need Attention,18,1,345.05,5,2,1,8,0.0,0.0,0,1,0,1,Gold,free_shipping,high
CUST01262,Discount-Dependent,25,1,195.09,4,2,1,7,0.0,0.0,0,1,2,11,Silver,welcome_offer,low
CUST01263,Champions,32,4,2970.8,4,5,5,14,0.25,0.0,1,2,1,5,Platinum,new_launch,medium
CUST01264,Discount-Dependent,51,1,2114.74,3,2,5,10,0.0,0.0,0,1,1,6,Silver,welcome_offer,medium
CUST01265,Champions,15,2,1398.17,5,4,4,13,0.0,0.0,0,2,0,12,Silver,free_shipping,low
CUST01266,Loyal Customers,51,3,2447.06,3,5,5,13,0.0,0.0,0,3,0,8,,welcome_offer,medium
CUST01267,Loyal Customers,58,2,769.5699999999999,3,4,3,10,0.0,1.0,1,1,1,2,Silver,new_launch,medium
CUST01268,Need Attention,19,1,471.22,5,2,2,9,1.0,1.0,1,1,2,5,,new_launch,medium
CUST01269,Need Attention,57,1,534.09,3,2,2,7,0.0,0.0,0,1,1,4,,none,medium
CUST01270,Discount-Dependent,57,1,309.87,3,2,1,6,0.0,1.0,1,1,0,4,,free_shipping,medium
CUST01271,Discount-Dependent,12,1,529.98,5,2,2,9,0.0,0.0,0,1,0,8,,free_shipping,low
CUST01272,Need Attention,44,1,1860.0,4,2,4,10,0.0,0.0,0,1,0,1,,bundle_discount,high
CUST01273,At-Risk High-Value,149,1,1219.74,1,2,4,7,0.0,0.0,0,1,0,1,,new_launch,high
CUST01274,Loyal Customers,25,2,802.94,4,4,3,11,0.0,0.0,0,1,0,15,Gold,free_shipping,low
CUST01275,Champions,34,3,2647.93,4,5,5,14,0.0,0.0,0,3,2,14,,free_shipping,low
CUST01276,Dormant,120,1,412.12,2,2,2,6,0.0,0.0,0,1,0,3,Silver,bundle_discount,high
CUST01277,At-Risk High-Value,99,1,732.91,2,2,3,7,0.0,0.0,0,1,2,6,,bundle_discount,high
CUST01278,Loyal Customers,65,2,791.53,3,4,3,10,0.0,0.0,0,2,0,1,Silver,free_shipping,medium
CUST01279,High-Value but Unhappy,101,1,1494.42,2,2,4,8,1.0,0.0,0,1,1,3,Silver,free_shipping,high
CUST01280,Champions,35,4,3888.23,4,5,5,14,0.0,0.0,0,4,0,5,Silver,none,low
CUST01281,Dormant,215,0,0.0,1,1,1,3,0.0,0.0,0,0,0,4,,new_launch,high
CUST01282,Need Attention,78,1,499.65,3,2,2,7,0.0,0.0,1,1,0,5,Silver,welcome_offer,high
CUST01283,High-Value but Unhappy,40,8,5650.74,4,5,5,14,0.125,1.0,1,5,0,7,,welcome_offer,medium
CUST01284,Dormant,192,0,0.0,1,1,1,3,0.0,0.0,0,0,0,1,,none,high
CUST01285,At-Risk High-Value,124,2,938.91,2,4,3,9,0.0,0.0,0,1,0,3,,none,high
CUST01286,Dormant,226,0,0.0,1,1,1,3,0.0,0.0,0,0,0,2,Platinum,free_shipping,high
CUST01287,At-Risk High-Value,89,2,1153.33,2,4,3,9,0.0,0.0,0,2,0,3,,welcome_offer,high
CUST01288,Dormant,132,1,486.14,2,2,2,6,0.0,0.0,0,1,0,0,,bundle_discount,high
CUST01289,Need Attention,3,1,742.76,5,2,3,10,0.0,0.0,0,1,2,9,Gold,welcome_offer,low
CUST01290,Loyal Customers,53,2,1164.42,3,4,3,10,0.0,0.0,0,2,0,9,,none,medium
CUST01291,Dormant,193,0,0.0,1,1,1,3,0.0,0.0,0,0,0,3,,new_launch,high
CUST01292,Champions,41,2,2412.52,4,4,5,13,0.0,0.0,0,1,0,3,Silver,none,medium
CUST01293,Loyal Customers,15,2,866.63,5,4,3,12,0.0,0.0,0,1,0,0,Gold,bundle_discount,low
CUST01294,Discount-Dependent,3,1,750.26,5,2,3,10,0.0,0.0,0,1,0,9,Silver,free_shipping,low
CUST01295,At-Risk High-Value,121,3,11655.31,2,5,5,12,0.333,0.0,0,2,0,11,Platinum,free_shipping,high
CUST01296,Discount-Dependent,16,1,416.31,5,2,2,9,0.0,0.0,0,1,0,2,,free_shipping,low
CUST01297,High-Value but Unhappy,2,4,1798.5700000000002,5,5,4,14,0.0,1.0,1,3,0,6,Silver,welcome_offer,medium
CUST01298,Dormant,329,0,0.0,1,1,1,3,0.0,0.0,0,0,0,0,,new_launch,high
CUST01299,At-Risk High-Value,171,1,840.54,1,2,3,6,0.0,0.0,0,1,0,8,,none,high
CUST01300,Champions,46,4,1939.2,4,5,5,14,0.0,0.0,1,3,0,10,,none,medium
CUST01301,Loyal Customers,85,2,884.5699999999999,3,4,3,10,0.0,0.0,0,1,0,4,,free_shipping,high
CUST01302,Champions,1,5,3420.38,5,5,5,15,0.0,0.0,0,2,2,8,,free_shipping,low
CUST01303,Need Attention,20,1,844.74,5,2,3,10,0.0,0.0,1,1,0,3,,none,medium
CUST01304,Loyal Customers,27,2,1145.58,4,4,3,11,0.0,0.0,0,1,0,8,Silver,free_shipping,low
CUST01305,Discount-Dependent,50,1,311.4,3,2,1,6,0.0,0.0,0,1,0,8,Silver,bundle_discount,medium
CUST01306,Loyal Customers,54,2,3337.79,3,4,5,12,0.0,0.0,0,1,2,2,,free_shipping,medium
CUST01307,Dormant,234,0,0.0,1,1,1,3,0.0,0.0,0,0,2,4,,none,high
CUST01308,Dormant,119,1,380.96,2,2,2,6,0.0,0.0,0,1,1,5,Silver,welcome_offer,high
CUST01309,Loyal Customers,73,3,1704.79,3,5,4,12,0.0,0.0,0,3,0,2,,welcome_offer,medium
CUST01310,At-Risk High-Value,139,2,1213.35,2,4,4,10,0.0,0.0,0,2,1,8,,bundle_discount,high
CUST01311,Loyal Customers,43,2,1069.71,4,4,3,11,0.0,0.0,0,2,0,1,,bundle_discount,medium
CUST01312,Champions,14,2,1611.51,5,4,4,13,0.0,0.0,0,2,0,5,Silver,bundle_discount,low
CUST01313,Champions,4,2,1457.6799999999998,5,4,4,13,0.0,0.0,0,1,0,6,,welcome_offer,low
CUST01314,Loyal Customers,1,2,1066.73,5,4,3,12,0.0,0.0,0,2,0,5,,new_launch,low
CUST01315,Dormant,222,0,0.0,1,1,1,3,0.0,0.0,0,0,0,1,,new_launch,high
CUST01316,Dormant,120,1,407.44,2,2,2,6,0.0,0.0,0,1,2,13,,welcome_offer,high
CUST01317,Dormant,256,0,0.0,1,1,1,3,0.0,0.0,0,0,0,1,Silver,none,high
CUST01318,Dormant,130,1,396.5,2,2,2,6,0.0,0.0,0,1,1,2,Silver,bundle_discount,high
CUST01319,Dormant,111,1,336.29,2,2,1,5,0.0,0.0,0,1,1,10,,welcome_offer,high
CUST01320,Dormant,150,1,500.0,1,2,2,5,0.0,0.0,0,1,1,6,,new_launch,high
CUST01321,At-Risk High-Value,99,4,1356.27,2,5,4,11,0.0,0.0,0,3,2,12,,free_shipping,high
CUST01322,Dormant,96,1,564.8,2,2,2,6,0.0,0.0,0,1,0,2,,none,high
CUST01323,Dormant,276,0,0.0,1,1,1,3,0.0,0.0,0,0,0,3,,new_launch,high
CUST01324,Dormant,227,0,0.0,1,1,1,3,0.0,0.0,0,0,1,1,,free_shipping,high
CUST01325,Dormant,186,0,0.0,1,1,1,3,0.0,0.0,0,0,0,1,,free_shipping,high
CUST01326,At-Risk High-Value,131,1,1411.39,2,2,4,8,0.0,0.0,0,1,0,3,,none,high
CUST01327,Loyal Customers,83,3,3429.24,3,5,5,13,0.0,0.0,0,2,2,10,,new_launch,high
CUST01328,Loyal Customers,54,2,2001.3,3,4,5,12,0.0,0.0,0,1,0,5,Silver,new_launch,medium
CUST01329,Loyal Customers,61,3,1252.03,3,5,4,12,0.333,0.0,0,3,0,5,Silver,welcome_offer,medium
CUST01330,Champions,3,3,2794.39,5,5,5,15,0.0,0.0,0,2,0,6,,none,low
CUST01331,Champions,14,3,1877.4899999999998,5,5,4,14,0.0,0.0,1,3,1,10,,none,medium
CUST01332,Champions,17,4,3364.3,5,5,5,15,0.0,0.0,0,2,0,7,Gold,new_launch,low
CUST01333,Need Attention,47,1,420.65,3,2,2,7,0.0,0.0,0,1,1,2,,free_shipping,medium
CUST01334,At-Risk High-Value,160,1,976.5,1,2,3,6,0.0,0.0,0,1,0,1,,welcome_offer,high
CUST01335,High-Value but Unhappy,75,2,2371.6000000000004,3,4,5,12,0.0,1.0,1,2,0,6,Platinum,bundle_discount,medium
CUST01336,Loyal Customers,1,2,910.6700000000001,5,4,3,12,0.0,0.0,0,2,0,0,Gold,welcome_offer,low
CUST01337,Discount-Dependent,49,1,793.95,3,2,3,8,0.0,0.0,0,1,1,14,,free_shipping,medium
CUST01338,Discount-Dependent,7,1,232.88,5,2,1,8,1.0,1.0,1,1,0,14,,bundle_discount,medium
CUST01339,Dormant,162,1,450.33,1,2,2,5,0.0,0.0,0,1,0,3,Gold,bundle_discount,high
CUST01340,Need Attention,76,1,624.33,3,2,2,7,0.0,0.0,0,1,0,5,,bundle_discount,high
CUST01341,Need Attention,38,1,395.13,4,2,2,8,0.0,0.0,0,1,0,5,,new_launch,medium
CUST01342,Loyal Customers,84,2,1049.9,3,4,3,10,0.0,0.0,0,2,0,10,,welcome_offer,high
CUST01343,Loyal Customers,4,3,1079.78,5,5,3,13,0.0,0.0,0,3,0,3,,bundle_discount,low
CUST01344,Dormant,395,0,0.0,1,1,1,3,0.0,0.0,0,0,0,3,,bundle_discount,high
CUST01345,Need Attention,38,1,2465.11,4,2,5,11,0.0,0.0,0,1,0,7,,bundle_discount,medium
CUST01346,Champions,38,3,2127.53,4,5,5,14,0.0,0.0,0,2,1,5,Silver,bundle_discount,medium
CUST01347,Dormant,128,1,316.63,2,2,1,5,0.0,0.0,0,1,0,3,,none,high
CUST01348,Dormant,140,1,659.62,2,2,2,6,0.0,0.0,0,1,0,3,Silver,welcome_offer,high
CUST01349,Loyal Customers,83,2,2446.67,3,4,5,12,0.0,0.0,0,2,2,0,,bundle_discount,high
CUST01350,Dormant,190,0,0.0,1,1,1,3,0.0,0.0,0,0,0,1,Gold,none,high
CUST01351,Discount-Dependent,30,1,542.87,4,2,2,8,1.0,1.0,1,1,0,7,,new_launch,medium
CUST01352,At-Risk High-Value,123,2,900.07,2,4,3,9,0.5,0.0,0,2,0,1,,free_shipping,high
CUST01353,Need Attention,73,1,597.26,3,2,2,7,0.0,1.0,1,1,1,1,,free_shipping,high
CUST01354,Loyal Customers,2,2,1041.99,5,4,3,12,0.0,0.0,1,2,0,10,Platinum,free_shipping,medium
CUST01355,Dormant,88,1,547.04,2,2,2,6,0.0,0.0,0,1,0,2,Silver,welcome_offer,high
CUST01356,Need Attention,42,1,287.51,4,2,1,7,0.0,1.0,1,1,0,0,,bundle_discount,high
CUST01357,Dormant,126,1,230.99,2,2,1,5,0.0,0.0,0,1,0,2,,new_launch,high
CUST01358,Discount-Dependent,18,1,862.52,5,2,3,10,0.0,0.0,0,1,3,14,,free_shipping,low
CUST01359,At-Risk High-Value,106,2,1016.94,2,4,3,9,0.0,0.0,0,2,1,3,,new_launch,high
CUST01360,Dormant,160,1,306.65,1,2,1,4,0.0,0.0,0,1,2,6,Silver,bundle_discount,high
CUST01361,Need Attention,5,1,805.77,5,2,3,10,0.0,0.0,0,1,0,6,,new_launch,low
CUST01362,Discount-Dependent,80,1,378.18,3,2,2,7,0.0,0.0,0,1,1,16,Silver,free_shipping,high
CUST01363,Need Attention,83,1,454.39,3,2,2,7,0.0,0.0,0,1,2,7,Gold,free_shipping,high
CUST01364,At-Risk High-Value,148,1,1261.0,1,2,4,7,0.0,0.0,0,1,0,3,Silver,new_launch,high
CUST01365,Dormant,247,0,0.0,1,1,1,3,0.0,0.0,0,0,0,1,,free_shipping,high
CUST01366,Dormant,98,1,149.0,2,2,1,5,0.0,0.0,0,1,0,4,Gold,welcome_offer,high
CUST01367,Need Attention,56,1,363.62,3,2,1,6,0.0,1.0,1,1,1,8,Silver,bundle_discount,medium
CUST01368,Dormant,308,0,0.0,1,1,1,3,0.0,0.0,0,0,3,8,,none,high
CUST01369,Need Attention,24,1,477.43,4,2,2,8,1.0,1.0,1,1,2,10,Silver,bundle_discount,medium
CUST01370,At-Risk High-Value,161,2,1246.04,1,4,4,9,0.0,0.0,0,2,0,2,,none,high
CUST01371,High-Value but Unhappy,8,2,2334.49,5,4,5,14,0.0,1.0,1,1,0,6,,none,medium
CUST01372,Need Attention,71,1,366.8,3,2,1,6,1.0,0.0,1,1,0,5,Silver,welcome_offer,medium
CUST01373,Discount-Dependent,45,1,291.54,4,2,1,7,0.0,0.0,0,1,0,4,,new_launch,medium
CUST01374,Dormant,88,1,282.0,2,2,1,5,0.0,0.0,0,1,0,5,,free_shipping,high
CUST01375,Loyal Customers,64,2,1131.6399999999999,3,4,3,10,0.0,0.0,0,1,3,4,Silver,none,medium
CUST01376,Need Attention,34,1,541.57,4,2,2,8,0.0,0.0,0,1,0,6,,none,low
CUST01377,Discount-Dependent,9,1,387.27,5,2,2,9,0.0,1.0,1,1,0,10,,free_shipping,medium
CUST01378,Dormant,117,1,348.74,2,2,1,5,0.0,0.0,0,1,0,14,,new_launch,high
CUST01379,Dormant,186,0,0.0,1,1,1,3,0.0,0.0,0,0,1,6,Silver,welcome_offer,high
CUST01380,Loyal Customers,44,2,729.75,4,4,3,11,0.0,0.0,0,1,1,1,,new_launch,medium
CUST01381,Champions,2,6,4149.83,5,5,5,15,0.0,0.0,0,4,3,11,Gold,none,low
CUST01382,Loyal Customers,4,2,987.3699999999999,5,4,3,12,0.5,1.0,1,2,1,5,,none,medium
CUST01383,High-Value but Unhappy,13,3,1697.28,5,5,4,14,0.0,1.0,1,2,0,14,Silver,welcome_offer,medium
CUST01384,At-Risk High-Value,145,2,3420.26,2,4,5,11,0.5,0.0,0,2,0,5,,none,high
CUST01385,High-Value but Unhappy,0,3,1753.8400000000001,5,5,4,14,0.333,1.0,1,3,4,10,,free_shipping,medium
CUST01386,High-Value but Unhappy,14,4,5346.15,5,5,5,15,0.25,1.0,1,3,0,5,Gold,welcome_offer,medium
CUST01387,At-Risk High-Value,128,1,785.68,2,2,3,7,0.0,0.0,0,1,0,2,,none,high
CUST01388,Need Attention,70,1,2996.98,3,2,5,10,0.0,0.0,0,1,0,1,,none,high
CUST01389,Loyal Customers,70,2,1396.8200000000002,3,4,4,11,0.0,0.0,0,2,2,5,,free_shipping,medium
CUST01390,Champions,9,2,1232.27,5,4,4,13,0.0,0.0,0,2,1,11,,new_launch,low
CUST01391,At-Risk High-Value,94,1,972.01,2,2,3,7,0.0,0.0,0,1,1,11,,welcome_offer,high
CUST01392,Need Attention,16,1,1415.53,5,2,4,11,0.0,0.0,0,1,1,2,,welcome_offer,low
CUST01393,Need Attention,85,1,493.02,3,2,2,7,0.0,0.0,0,1,1,0,,free_shipping,high
CUST01394,Champions,16,2,1313.81,5,4,4,13,0.0,0.0,0,2,1,15,,bundle_discount,low
CUST01395,Champions,32,4,3708.11,4,5,5,14,0.0,0.0,0,4,0,4,,none,low
CUST01396,At-Risk High-Value,127,1,826.44,2,2,3,7,0.0,0.0,0,1,0,2,,none,high
CUST01397,Champions,4,4,4264.139999999999,5,5,5,15,0.0,0.0,0,4,0,12,,welcome_offer,low
CUST01398,High-Value but Unhappy,57,1,1672.19,3,2,4,9,1.0,1.0,1,1,0,6,,bundle_discount,medium
CUST01399,High-Value but Unhappy,19,4,2045.41,5,5,5,15,0.25,1.0,1,3,1,10,Silver,new_launch,medium
CUST01400,Dormant,134,1,328.61,2,2,1,5,0.0,0.0,0,1,0,1,,new_launch,high
CUST01401,Loyal Customers,75,2,1991.48,3,4,5,12,0.0,0.0,0,2,0,3,,new_launch,medium
CUST01402,Dormant,254,0,0.0,1,1,1,3,0.0,0.0,0,0,2,0,,new_launch,high
CUST01403,Dormant,329,0,0.0,1,1,1,3,0.0,0.0,0,0,0,1,,new_launch,high
CUST01404,Dormant,202,0,0.0,1,1,1,3,0.0,0.0,0,0,1,12,Gold,new_launch,high
CUST01405,At-Risk High-Value,140,1,1013.03,2,2,3,7,0.0,0.0,0,1,0,2,Gold,new_launch,high
CUST01406,Dormant,222,0,0.0,1,1,1,3,0.0,0.0,0,0,0,2,Gold,free_shipping,high
CUST01407,At-Risk High-Value,139,1,709.73,2,2,3,7,0.0,0.0,0,1,0,3,Silver,welcome_offer,high
CUST01408,Dormant,307,0,0.0,1,1,1,3,0.0,0.0,0,0,0,0,Silver,none,high
CUST01409,Loyal Customers,26,3,1087.52,4,5,3,12,0.0,0.0,0,1,0,1,Gold,free_shipping,low
CUST01410,Dormant,146,1,323.2,2,2,1,5,0.0,0.0,0,2,0,11,,bundle_discount,high
CUST01411,Dormant,183,0,0.0,1,1,1,3,0.0,0.0,0,0,0,0,,none,high
CUST01412,Dormant,91,1,348.68,2,2,1,5,0.0,0.0,0,1,0,9,,none,high
CUST01413,Dormant,234,0,0.0,1,1,1,3,0.0,0.0,0,0,0,2,,none,high
CUST01414,Discount-Dependent,30,1,453.66,4,2,2,8,0.0,1.0,1,1,1,10,Silver,new_launch,medium
CUST01415,Need Attention,9,1,509.5,5,2,2,9,0.0,0.0,0,1,0,9,,free_shipping,low
CUST01416,High-Value but Unhappy,50,3,2785.86,3,5,5,13,0.667,0.333,3,3,2,11,Gold,welcome_offer,medium
CUST01417,Dormant,149,1,461.24,1,2,2,5,0.0,0.0,0,1,0,3,,new_launch,high
CUST01418,At-Risk High-Value,176,1,785.78,1,2,3,6,0.0,0.0,0,1,1,10,Gold,free_shipping,high
CUST01419,Need Attention,41,1,1111.02,4,2,3,9,0.0,0.0,0,1,0,1,,welcome_offer,high
CUST01420,Loyal Customers,67,3,2895.9100000000003,3,5,5,13,0.0,0.0,1,3,1,14,,bundle_discount,medium
CUST01421,Need Attention,46,1,1155.37,4,2,3,9,1.0,1.0,1,1,0,16,,bundle_discount,medium
CUST01422,High-Value but Unhappy,58,3,1353.3,3,5,4,12,0.333,1.0,1,2,0,3,Silver,new_launch,medium
CUST01423,Loyal Customers,41,2,840.3499999999999,4,4,3,11,0.0,0.0,0,1,0,5,Silver,welcome_offer,medium
CUST01424,At-Risk High-Value,93,1,2318.97,2,2,5,9,0.0,0.0,0,1,0,3,Gold,bundle_discount,high
CUST01425,Discount-Dependent,48,1,1148.76,3,2,3,8,0.0,0.0,0,1,1,3,Silver,new_launch,medium
CUST01426,Need Attention,24,1,872.32,4,2,3,9,0.0,0.0,0,1,0,8,,none,low
CUST01427,High-Value but Unhappy,5,4,2185.2599999999998,5,5,5,15,0.0,1.0,2,3,2,11,Gold,free_shipping,medium
CUST01428,Discount-Dependent,51,1,888.61,3,2,3,8,1.0,1.0,1,1,1,15,,new_launch,medium
CUST01429,Loyal Customers,53,2,1434.6100000000001,3,4,4,11,0.0,0.0,0,1,2,4,,none,medium
CUST01430,Champions,5,3,2362.84,5,5,5,15,0.333,0.333,3,3,0,11,Silver,new_launch,medium
CUST01431,Need Attention,12,1,903.63,5,2,3,10,1.0,1.0,1,1,1,6,Silver,new_launch,medium
CUST01432,Dormant,102,1,410.51,2,2,2,6,0.0,0.0,0,1,0,2,,welcome_offer,high
CUST01433,At-Risk High-Value,108,2,1057.6399999999999,2,4,3,9,0.5,0.0,0,2,0,8,Gold,new_launch,high
CUST01434,High-Value but Unhappy,5,4,1436.17,5,5,4,14,0.25,1.0,1,3,0,6,,free_shipping,medium
CUST01435,Dormant,186,0,0.0,1,1,1,3,0.0,0.0,0,0,0,0,Gold,welcome_offer,high
CUST01436,Champions,20,2,2235.76,5,4,5,14,0.0,0.0,0,2,1,18,Silver,new_launch,low
CUST01437,Dormant,246,0,0.0,1,1,1,3,0.0,0.0,0,0,0,2,Silver,welcome_offer,high
CUST01438,At-Risk High-Value,157,2,2087.95,1,4,5,10,0.0,0.0,0,2,0,0,,none,high
CUST01439,High-Value but Unhappy,0,3,4431.7,5,5,5,15,0.0,1.0,1,2,0,7,Silver,free_shipping,medium
CUST01440,High-Value but Unhappy,6,2,1407.04,5,4,4,13,0.0,1.0,1,1,0,3,,new_launch,medium
CUST01441,Dormant,322,0,0.0,1,1,1,3,0.0,0.0,0,0,2,1,,welcome_offer,high
CUST01442,At-Risk High-Value,105,3,2184.02,2,5,5,12,0.333,0.0,0,2,1,9,Gold,bundle_discount,high
CUST01443,Champions,20,3,3298.22,5,5,5,15,0.0,0.0,0,1,0,1,,welcome_offer,low
CUST01444,Loyal Customers,32,2,1096.85,4,4,3,11,0.0,0.0,0,2,1,2,,welcome_offer,low
CUST01445,At-Risk High-Value,115,2,1969.1,2,4,5,11,0.5,0.0,0,2,0,2,,new_launch,high
CUST01446,At-Risk High-Value,132,1,789.48,2,2,3,7,0.0,0.0,0,1,0,5,Gold,bundle_discount,high
CUST01447,Need Attention,18,1,1665.94,5,2,4,11,0.0,0.0,0,1,0,13,Gold,free_shipping,low
CUST01448,Dormant,233,0,0.0,1,1,1,3,0.0,0.0,0,0,0,1,Silver,bundle_discount,high
CUST01449,Loyal Customers,3,2,874.09,5,4,3,12,0.0,1.0,1,2,2,5,,free_shipping,medium
CUST01450,At-Risk High-Value,126,2,1429.2,2,4,4,10,0.5,0.0,0,2,0,2,Silver,none,high
CUST01451,Discount-Dependent,34,1,1506.43,4,2,4,10,0.0,0.0,1,1,0,13,Gold,bundle_discount,medium
CUST01452,At-Risk High-Value,116,1,1448.27,2,2,4,8,0.0,0.0,0,1,0,10,Platinum,new_launch,high
CUST01453,Loyal Customers,82,2,1354.88,3,4,4,11,0.0,0.0,0,2,1,7,,free_shipping,high
CUST01454,Loyal Customers,70,3,2311.4700000000003,3,5,5,13,0.0,0.0,0,3,2,2,,bundle_discount,medium
CUST01455,Dormant,335,0,0.0,1,1,1,3,0.0,0.0,0,0,0,0,Gold,free_shipping,high
CUST01456,Need Attention,17,1,1158.71,5,2,3,10,0.0,0.0,1,1,0,7,Silver,none,medium
CUST01457,Dormant,248,0,0.0,1,1,1,3,0.0,0.0,0,0,0,0,,bundle_discount,high
CUST01458,Need Attention,52,1,1462.88,3,2,4,9,0.0,0.0,0,1,0,1,Silver,new_launch,high
CUST01459,Loyal Customers,68,3,1869.62,3,5,4,12,0.0,0.0,0,2,0,4,Silver,none,medium
CUST01460,At-Risk High-Value,128,3,1836.58,2,5,4,11,0.0,0.0,0,3,0,4,,bundle_discount,high
CUST01461,At-Risk High-Value,107,2,1214.31,2,4,4,10,0.0,0.0,0,2,0,3,Silver,bundle_discount,high
CUST01462,Need Attention,80,1,388.39,3,2,2,7,0.0,0.0,0,1,0,3,,welcome_offer,high
CUST01463,Dormant,356,0,0.0,1,1,1,3,0.0,0.0,0,0,0,1,,new_launch,high
CUST01464,Champions,42,2,1743.4,4,4,4,12,0.0,0.0,0,1,3,13,Gold,none,medium
CUST01465,Loyal Customers,10,2,670.57,5,4,2,11,0.0,0.0,0,1,0,16,,none,low
CUST01466,Loyal Customers,56,2,1494.87,3,4,4,11,0.0,0.0,0,2,1,2,Silver,bundle_discount,medium
CUST01467,Need Attention,89,2,649.13,2,4,2,8,0.0,0.0,0,1,0,5,,bundle_discount,high
CUST01468,At-Risk High-Value,166,1,1034.31,1,3,3,7,0.0,0.0,0,1,0,4,,bundle_discount,high
CUST01469,Loyal Customers,44,1,1313.43,4,3,4,11,0.0,0.0,0,1,1,0,Silver,welcome_offer,high
CUST01470,Dormant,241,0,0.0,1,1,1,3,0.0,0.0,0,0,0,1,,bundle_discount,high
CUST01471,Loyal Customers,77,4,2450.75,3,5,5,13,0.0,0.0,0,4,0,8,Silver,bundle_discount,high
CUST01472,Champions,0,4,2039.77,5,5,5,15,0.0,0.0,1,3,1,3,Silver,none,medium
CUST01473,Loyal Customers,48,3,2475.68,3,5,5,13,0.0,0.0,0,3,1,5,Silver,none,medium
CUST01474,Loyal Customers,61,2,959.29,3,4,3,10,0.5,1.0,2,2,0,8,,free_shipping,medium
CUST01475,Need Attention,114,1,650.36,2,3,2,7,0.0,0.0,0,1,0,0,,bundle_discount,high
CUST01476,Need Attention,127,1,370.67,2,3,1,6,0.0,0.0,0,1,0,0,Platinum,bundle_discount,high
CUST01477,Loyal Customers,55,3,1828.06,3,5,4,12,0.0,0.0,0,1,2,3,Silver,none,medium
CUST01478,Champions,40,3,3159.76,4,5,5,14,0.0,0.0,0,3,0,10,Silver,new_launch,medium
CUST01479,Champions,42,4,1777.74,4,5,4,13,0.0,0.0,0,2,1,0,,free_shipping,medium
CUST01480,Dormant,347,0,0.0,1,1,1,3,0.0,0.0,0,0,0,3,,bundle_discount,high
CUST01481,At-Risk High-Value,122,2,1650.56,2,4,4,10,0.0,0.0,0,2,1,4,Silver,bundle_discount,high
CUST01482,At-Risk High-Value,158,2,1073.55,1,4,3,8,0.0,0.0,0,2,1,1,,free_shipping,high
CUST01483,Loyal Customers,7,2,783.94,5,4,3,12,0.5,0.0,0,2,0,5,Silver,none,low
CUST01484,Need Attention,111,1,568.21,2,3,2,7,0.0,0.0,0,1,0,1,,bundle_discount,high
CUST01485,Loyal Customers,69,3,2973.96,3,5,5,13,0.333,0.0,0,3,1,6,,none,medium
CUST01486,Loyal Customers,48,1,770.52,3,3,3,9,0.0,0.0,0,1,0,5,,bundle_discount,medium
CUST01487,Dormant,232,0,0.0,1,1,1,3,0.0,0.0,0,0,1,1,,bundle_discount,high
CUST01488,High-Value but Unhappy,33,3,1749.42,4,5,4,13,0.333,1.0,1,2,2,14,Gold,welcome_offer,medium
CUST01489,High-Value but Unhappy,41,4,5287.87,4,5,5,14,0.0,1.0,1,3,0,9,Silver,free_shipping,medium
CUST01490,At-Risk High-Value,122,2,1360.72,2,4,4,10,0.0,0.0,0,2,0,3,Silver,welcome_offer,high
CUST01491,At-Risk High-Value,87,2,1889.89,2,4,5,11,0.0,0.0,0,2,0,6,Silver,free_shipping,high
CUST01492,Loyal Customers,62,2,2179.26,3,4,5,12,0.0,0.0,1,1,0,10,Silver,bundle_discount,medium
CUST01493,Loyal Customers,10,2,807.4499999999999,5,4,3,12,0.0,0.0,0,2,0,0,,free_shipping,low
CUST01494,Dormant,265,0,0.0,1,1,1,3,0.0,0.0,0,0,1,1,,welcome_offer,high
CUST01495,High-Value but Unhappy,89,3,2084.73,2,5,5,12,0.0,1.0,1,2,0,0,Silver,none,high
CUST01496,Loyal Customers,16,1,662.11,5,3,2,10,0.0,0.0,0,1,3,9,,none,low
CUST01497,High-Value but Unhappy,35,4,2041.04,4,5,5,14,0.25,1.0,1,4,0,9,,bundle_discount,medium
CUST01498,High-Value but Unhappy,12,4,3245.4700000000003,5,5,5,15,0.0,1.0,1,3,0,14,,bundle_discount,medium
CUST01499,At-Risk High-Value,133,1,1510.54,2,3,4,9,0.0,0.0,0,1,0,3,Silver,welcome_offer,high
CUST01500,Discount-Dependent,95,1,269.54,2,3,1,6,0.0,0.0,0,1,0,8,Silver,bundle_discount,high
CUST01501,Loyal Customers,66,2,646.4300000000001,3,4,2,9,0.0,1.0,2,2,0,6,,welcome_offer,medium
CUST01502,Loyal Customers,80,2,1331.42,3,4,4,11,0.5,0.0,0,1,1,15,,welcome_offer,high
CUST01503,Discount-Dependent,90,1,367.27,2,3,1,6,0.0,0.0,0,1,0,8,,bundle_discount,high
CUST01504,Discount-Dependent,152,1,588.35,1,3,2,6,1.0,0.0,0,1,1,0,,new_launch,high
CUST01505,Loyal Customers,64,1,608.83,3,3,2,8,0.0,0.0,0,1,2,2,,new_launch,medium
CUST01506,Discount-Dependent,140,1,318.41,2,3,1,6,0.0,0.0,0,1,0,4,Silver,none,high
CUST01507,At-Risk High-Value,125,2,2311.37,2,4,5,11,0.5,0.0,0,2,0,5,Silver,none,high
CUST01508,Loyal Customers,3,1,845.65,5,3,3,11,0.0,0.0,0,1,4,10,Platinum,free_shipping,low
CUST01509,Loyal Customers,6,2,638.85,5,4,2,11,0.333,1.0,1,2,0,17,,none,medium
CUST01510,At-Risk High-Value,132,2,1667.1,2,4,4,10,0.0,0.0,0,2,2,7,,free_shipping,high
CUST01511,At-Risk High-Value,88,4,2601.14,2,5,5,12,0.0,0.0,0,3,1,11,,none,high
CUST01512,Loyal Customers,43,1,703.24,4,3,3,10,0.0,0.0,1,1,0,3,,bundle_discount,medium
CUST01513,At-Risk High-Value,131,1,1062.28,2,3,3,8,0.0,0.0,0,1,0,0,,free_shipping,high
CUST01514,Loyal Customers,82,3,1466.5,3,5,4,12,0.0,0.0,0,2,3,5,,welcome_offer,high
CUST01515,At-Risk High-Value,96,3,3057.74,2,5,5,12,0.0,0.0,0,2,0,4,,welcome_offer,high
CUST01516,Discount-Dependent,172,1,421.68,1,3,2,6,0.0,0.0,0,1,2,15,,bundle_discount,high
CUST01517,Need Attention,87,1,628.81,2,3,2,7,0.0,0.0,0,1,0,4,Platinum,none,high
CUST01518,Dormant,485,0,0.0,1,1,1,3,0.0,0.0,0,0,0,1,,new_launch,high
CUST01519,At-Risk High-Value,105,3,3216.75,2,5,5,12,0.0,0.0,0,2,0,0,,free_shipping,high
CUST01520,Loyal Customers,19,1,333.93,5,3,1,9,0.0,0.0,0,1,0,10,,bundle_discount,low
CUST01521,Loyal Customers,10,2,1070.1399999999999,5,4,3,12,0.0,0.0,0,2,0,2,,bundle_discount,low
CUST01522,Loyal Customers,68,1,882.29,3,3,3,9,0.0,0.0,0,1,1,2,,new_launch,medium
CUST01523,Champions,15,4,3702.2799999999997,5,5,5,15,0.25,0.0,1,3,1,1,,none,medium
CUST01524,Loyal Customers,19,1,2078.4,5,3,5,13,0.0,0.0,1,1,1,5,,bundle_discount,medium
CUST01525,Loyal Customers,56,2,1514.06,3,4,4,11,0.0,0.0,0,2,0,1,,welcome_offer,medium
CUST01526,High-Value but Unhappy,9,2,2585.39,5,4,5,14,0.5,1.0,2,2,2,7,Silver,welcome_offer,medium
CUST01527,Dormant,326,0,0.0,1,1,1,3,0.0,0.0,0,0,1,1,,free_shipping,high
CUST01528,Discount-Dependent,105,1,424.84,2,3,2,7,0.0,0.0,0,1,0,13,Gold,new_launch,high
CUST01529,Dormant,194,0,0.0,1,1,1,3,0.0,0.0,0,0,0,0,,none,high
CUST01530,Dormant,182,0,0.0,1,1,1,3,0.0,0.0,0,0,2,7,Silver,welcome_offer,high
CUST01531,Dormant,222,0,0.0,1,1,1,3,0.0,0.0,0,0,1,3,,bundle_discount,high
CUST01532,At-Risk High-Value,159,1,776.24,1,3,3,7,0.0,0.0,0,1,1,6,Platinum,welcome_offer,high
CUST01533,At-Risk High-Value,167,1,697.43,1,3,3,7,0.0,0.0,0,1,0,6,Silver,new_launch,high
CUST01534,Loyal Customers,22,1,416.32,4,3,2,9,0.0,0.0,0,1,0,7,,bundle_discount,low
CUST01535,Champions,8,5,2197.52,5,5,5,15,0.2,0.0,0,3,4,9,Silver,welcome_offer,low
CUST01536,Loyal Customers,7,1,1059.82,5,3,3,11,0.0,0.0,1,1,0,2,,new_launch,medium
CUST01537,Discount-Dependent,123,1,355.81,2,3,1,6,0.0,0.0,0,1,0,3,,welcome_offer,high
CUST01538,Loyal Customers,80,1,346.25,3,3,1,7,0.0,0.0,0,1,1,8,,welcome_offer,high
CUST01539,Need Attention,158,1,643.65,1,3,2,6,0.0,0.0,0,1,0,0,Silver,new_launch,high
CUST01540,Dormant,195,0,0.0,1,1,1,3,0.0,0.0,0,0,1,4,Silver,bundle_discount,high
CUST01541,Loyal Customers,64,1,626.47,3,3,2,8,0.0,0.0,0,1,0,5,,new_launch,medium
CUST01542,Loyal Customers,4,1,382.91,5,3,2,10,0.0,0.0,0,1,0,15,,free_shipping,low
CUST01543,At-Risk High-Value,131,1,1270.64,2,3,4,9,0.0,0.0,0,1,2,8,Silver,new_launch,high
CUST01544,At-Risk High-Value,113,2,1196.51,2,4,4,10,0.0,0.0,0,2,2,11,,new_launch,high
CUST01545,At-Risk High-Value,106,1,806.94,2,3,3,8,0.0,0.0,0,1,0,4,Gold,none,high
CUST01546,Loyal Customers,22,2,599.02,4,4,2,10,0.0,0.5,2,2,1,4,,free_shipping,medium
CUST01547,At-Risk High-Value,99,2,881.6500000000001,2,4,3,9,0.0,0.0,0,2,1,4,Silver,bundle_discount,high
CUST01548,Loyal Customers,49,1,497.12,3,3,2,8,0.0,0.0,0,1,0,2,,free_shipping,medium
CUST01549,At-Risk High-Value,167,1,708.07,1,3,3,7,0.0,0.0,0,1,0,15,,bundle_discount,high
CUST01550,At-Risk High-Value,109,4,1841.6,2,5,4,11,0.0,0.0,0,2,0,5,,new_launch,high
CUST01551,Loyal Customers,69,1,674.67,3,3,2,8,0.0,0.0,0,1,0,11,,welcome_offer,medium
CUST01552,At-Risk High-Value,108,2,999.14,2,4,3,9,0.0,0.0,0,2,0,3,Silver,new_launch,high
CUST01553,Need Attention,153,1,381.8,1,3,2,6,0.0,0.0,0,1,1,4,Silver,new_launch,high
CUST01554,Loyal Customers,75,2,2807.29,3,4,5,12,0.0,0.0,0,2,1,8,,none,medium
CUST01555,Loyal Customers,30,1,329.17,4,3,1,8,0.0,1.0,1,1,2,5,,bundle_discount,medium
CUST01556,Loyal Customers,37,2,729.47,4,4,3,11,0.0,0.0,0,2,2,1,,free_shipping,medium
CUST01557,Loyal Customers,41,1,452.3,4,3,2,9,0.0,0.0,0,1,0,9,,free_shipping,medium
CUST01558,Dormant,210,0,0.0,1,1,1,3,0.0,0.0,0,0,0,1,,new_launch,high
CUST01559,At-Risk High-Value,93,3,1317.97,2,5,4,11,0.333,0.0,1,3,2,5,,new_launch,high
CUST01560,Loyal Customers,8,2,1018.83,5,4,3,12,0.5,0.0,0,1,2,14,,free_shipping,low
CUST01561,Need Attention,153,1,567.89,1,3,2,6,0.0,0.0,0,1,3,5,,none,high
CUST01562,High-Value but Unhappy,51,2,1271.3,3,4,4,11,0.5,1.0,1,2,0,17,Silver,none,medium
CUST01563,High-Value but Unhappy,20,2,1279.74,5,4,4,13,0.5,1.0,1,1,0,0,,none,medium
CUST01564,Dormant,236,0,0.0,1,1,1,3,0.0,0.0,0,0,0,1,Silver,free_shipping,high
CUST01565,Loyal Customers,41,1,659.77,4,3,2,9,0.0,0.0,0,1,1,4,Silver,free_shipping,medium
CUST01566,Loyal Customers,5,1,486.05,5,3,2,10,0.0,0.0,0,1,0,0,Silver,new_launch,high
CUST01567,Dormant,345,0,0.0,1,1,1,3,0.0,0.0,0,0,1,3,Silver,free_shipping,high
CUST01568,At-Risk High-Value,178,1,831.95,1,3,3,7,0.0,0.0,0,1,0,2,,welcome_offer,high
CUST01569,Loyal Customers,81,1,1205.91,3,3,4,10,0.0,0.0,0,1,0,20,Platinum,new_launch,high
CUST01570,Discount-Dependent,144,1,247.06,2,3,1,6,0.0,0.0,0,2,0,2,Silver,new_launch,high
CUST01571,Dormant,253,0,0.0,1,1,1,3,0.0,0.0,0,0,1,1,,new_launch,high
CUST01572,Dormant,227,0,0.0,1,1,1,3,0.0,0.0,0,0,1,1,Platinum,none,high
CUST01573,High-Value but Unhappy,78,3,2463.27,3,5,5,13,0.0,1.0,1,2,0,7,,free_shipping,high
CUST01574,At-Risk High-Value,161,2,2180.97,1,4,5,10,0.0,0.0,0,2,1,2,,welcome_offer,high
CUST01575,At-Risk High-Value,165,1,1350.03,1,3,4,8,0.0,0.0,0,1,0,1,,free_shipping,high
CUST01576,High-Value but Unhappy,82,1,1953.76,3,3,5,11,1.0,1.0,1,1,0,10,Silver,welcome_offer,high
CUST01577,Discount-Dependent,107,1,343.71,2,3,1,6,1.0,0.0,0,1,0,3,Silver,none,high
CUST01578,Loyal Customers,10,1,1222.13,5,3,4,12,0.0,0.0,0,1,3,4,,free_shipping,low
CUST01579,Champions,45,5,4218.4,4,5,5,14,0.0,0.0,0,4,1,9,Silver,free_shipping,medium
CUST01580,Loyal Customers,18,2,912.24,5,4,3,12,0.0,0.0,0,1,1,14,,free_shipping,low
CUST01581,High-Value but Unhappy,22,3,2148.76,4,5,5,14,0.333,1.0,1,3,0,6,,new_launch,medium
CUST01582,Loyal Customers,58,2,1139.38,3,4,3,10,0.5,1.0,1,2,1,5,,free_shipping,medium
CUST01583,Dormant,261,0,0.0,1,1,1,3,0.0,0.0,0,0,2,2,Silver,new_launch,high
CUST01584,Loyal Customers,0,2,1098.94,5,4,3,12,0.0,0.0,0,2,0,6,,none,low
CUST01585,Loyal Customers,23,1,327.29,4,3,1,8,0.0,0.0,0,1,0,4,,none,low
CUST01586,Loyal Customers,25,1,788.8,4,3,3,10,0.0,1.0,1,1,1,7,,new_launch,medium
CUST01587,At-Risk High-Value,129,2,1403.63,2,4,4,10,0.0,0.0,0,2,0,10,,welcome_offer,high
CUST01588,At-Risk High-Value,145,3,1959.15,2,5,5,12,0.0,0.0,0,2,0,2,Silver,none,high
CUST01589,Need Attention,147,1,460.78,2,3,2,7,0.0,0.0,0,1,0,1,,welcome_offer,high
CUST01590,At-Risk High-Value,129,2,1250.94,2,4,4,10,0.0,0.0,0,2,0,8,,none,high
CUST01591,At-Risk High-Value,136,2,2478.69,2,4,5,11,0.0,0.0,0,2,0,4,,bundle_discount,high
CUST01592,Need Attention,117,1,500.86,2,3,2,7,0.0,0.0,0,1,0,8,Silver,bundle_discount,high
CUST01593,Loyal Customers,30,1,675.24,4,3,2,9,0.0,0.0,0,1,2,18,,welcome_offer,low
CUST01594,Champions,43,2,1570.28,4,4,4,12,0.0,0.0,0,2,0,2,Gold,new_launch,medium
CUST01595,Loyal Customers,59,1,531.64,3,3,2,8,0.0,0.0,0,1,1,8,,free_shipping,medium
CUST01596,Loyal Customers,60,3,1798.04,3,5,4,12,0.333,0.0,0,3,1,7,,free_shipping,medium
CUST01597,Loyal Customers,40,1,509.02,4,3,2,9,0.0,0.0,1,1,0,4,Silver,free_shipping,medium
CUST01598,Loyal Customers,68,1,292.55,3,3,1,7,0.0,0.0,0,1,2,4,Silver,none,medium
CUST01599,Loyal Customers,82,1,307.89,3,3,1,7,0.0,0.0,0,1,2,3,,new_launch,high
CUST01600,Loyal Customers,0,1,657.78,5,3,2,10,0.0,0.0,0,1,0,2,,free_shipping,low
CUST01601,Loyal Customers,49,2,1021.85,3,4,3,10,0.0,0.0,1,2,0,6,Gold,free_shipping,medium
CUST01602,Champions,22,3,1334.5700000000002,4,5,4,13,0.0,0.0,0,3,1,8,Gold,free_shipping,low
CUST01603,Need Attention,166,1,455.96,1,3,2,6,1.0,0.0,0,1,0,0,Silver,bundle_discount,high
CUST01604,Loyal Customers,49,3,1407.27,3,5,4,12,0.0,0.0,0,1,1,17,Silver,free_shipping,medium
CUST01605,Loyal Customers,20,1,1057.43,5,3,3,11,0.0,0.0,0,1,0,3,,none,low
CUST01606,Dormant,180,0,0.0,1,1,1,3,0.0,0.0,0,1,0,1,Silver,none,high
CUST01607,At-Risk High-Value,155,1,1515.3,1,3,4,8,0.0,0.0,0,1,0,7,,none,high
CUST01608,Loyal Customers,26,1,501.47,4,3,2,9,0.0,0.0,0,1,2,1,,welcome_offer,high
CUST01609,Loyal Customers,69,1,689.75,3,3,3,9,0.0,0.0,1,1,0,4,,welcome_offer,medium
CUST01610,Loyal Customers,69,4,2593.45,3,5,5,13,0.25,0.0,0,2,2,4,,new_launch,medium
CUST01611,Champions,28,4,2180.7200000000003,4,5,5,14,0.0,0.0,0,4,3,1,Gold,welcome_offer,low
CUST01612,Dormant,283,0,0.0,1,1,1,3,0.0,0.0,0,0,0,1,,welcome_offer,high
CUST01613,Dormant,255,0,0.0,1,1,1,3,0.0,0.0,0,0,1,0,,none,high
CUST01614,At-Risk High-Value,103,2,1352.11,2,4,4,10,0.5,0.0,0,2,0,4,,bundle_discount,high
CUST01615,High-Value but Unhappy,1,3,1862.39,5,5,4,14,0.0,1.0,1,3,0,3,,none,medium
CUST01616,At-Risk High-Value,160,1,1177.41,1,3,4,8,0.0,0.0,0,1,2,4,,free_shipping,high
CUST01617,High-Value but Unhappy,71,2,1632.85,3,4,4,11,0.0,1.0,1,2,0,9,Silver,new_launch,medium
CUST01618,Loyal Customers,84,1,426.08,3,3,2,8,0.0,0.0,0,1,0,2,Silver,welcome_offer,high
CUST01619,Loyal Customers,2,3,1148.84,5,5,3,13,0.0,0.0,0,3,1,8,,welcome_offer,low
CUST01620,Champions,4,4,2409.04,5,5,5,15,0.0,0.0,0,3,1,7,,none,low
CUST01621,Champions,26,3,2561.91,4,5,5,14,0.0,0.0,1,3,3,10,Silver,free_shipping,medium
CUST01622,Loyal Customers,15,2,888.17,5,4,3,12,0.0,0.0,0,2,2,6,,welcome_offer,low
CUST01623,Dormant,359,0,0.0,1,1,1,3,0.0,0.0,0,0,0,0,,bundle_discount,high
CUST01624,Loyal Customers,75,4,2439.45,3,5,5,13,0.25,0.0,0,3,0,11,Silver,new_launch,medium
CUST01625,Loyal Customers,10,2,679.1800000000001,5,4,2,11,0.0,0.0,1,2,1,7,Silver,new_launch,medium
CUST01626,Champions,28,3,2085.26,4,5,5,14,0.0,0.0,0,3,0,6,Silver,welcome_offer,low
CUST01627,Dormant,295,0,0.0,1,1,1,3,0.0,0.0,0,0,0,1,,none,high
CUST01628,Dormant,180,0,0.0,1,1,1,3,1.0,0.0,0,1,0,4,Silver,free_shipping,high
CUST01629,Loyal Customers,81,2,1120.0,3,4,3,10,0.0,0.0,0,2,0,1,Silver,free_shipping,high
CUST01630,High-Value but Unhappy,19,3,3394.5299999999997,5,5,5,15,0.333,1.0,1,2,1,6,,none,medium
CUST01631,Champions,2,3,2040.85,5,5,5,15,0.0,0.0,1,2,1,14,Gold,bundle_discount,medium
CUST01632,Loyal Customers,6,1,1472.62,5,3,4,12,0.0,0.0,0,1,0,4,,welcome_offer,low
CUST01633,Loyal Customers,55,2,859.6700000000001,3,4,3,10,0.0,1.0,1,1,1,3,,free_shipping,medium
CUST01634,Loyal Customers,40,1,668.05,4,3,2,9,0.0,0.0,0,1,0,6,Gold,none,medium
CUST01635,High-Value but Unhappy,42,2,1322.0500000000002,4,4,4,12,0.5,1.0,1,2,2,10,Silver,none,medium
CUST01636,Loyal Customers,16,1,310.14,5,3,1,9,0.0,0.0,0,1,2,10,,free_shipping,low
CUST01637,Champions,29,5,4002.06,4,5,5,14,0.0,0.0,1,3,2,8,,free_shipping,medium
CUST01638,Champions,31,2,1665.1100000000001,4,4,4,12,0.0,0.0,0,2,1,9,,free_shipping,low
CUST01639,At-Risk High-Value,166,1,1450.38,1,3,4,8,0.0,0.0,0,1,0,3,Silver,welcome_offer,high
CUST01640,Discount-Dependent,105,1,464.57,2,3,2,7,0.0,0.0,0,1,0,6,Silver,welcome_offer,high
CUST01641,Need Attention,101,1,608.86,2,3,2,7,0.0,0.0,0,1,0,13,,welcome_offer,high
CUST01642,Champions,4,3,3151.98,5,5,5,15,0.0,0.0,0,2,0,5,Silver,welcome_offer,low
CUST01643,Dormant,182,0,0.0,1,1,1,3,0.0,0.0,0,0,2,5,,free_shipping,high
CUST01644,At-Risk High-Value,118,2,818.79,2,4,3,9,0.5,0.0,0,2,3,5,,bundle_discount,high
CUST01645,Loyal Customers,74,3,2748.62,3,5,5,13,0.0,0.0,0,2,1,9,,new_launch,medium
CUST01646,Loyal Customers,66,4,2483.29,3,5,5,13,0.0,0.0,0,3,0,10,Silver,new_launch,medium
CUST01647,Champions,10,4,3321.39,5,5,5,15,0.0,0.0,0,3,0,8,Gold,welcome_offer,low
CUST01648,Need Attention,150,1,540.77,1,3,2,6,0.0,0.0,0,1,3,2,Gold,welcome_offer,high
CUST01649,Dormant,243,0,0.0,1,1,1,3,0.0,0.0,0,0,0,1,,bundle_discount,high
CUST01650,At-Risk High-Value,102,1,1797.67,2,3,4,9,0.0,0.0,0,1,3,9,Silver,free_shipping,high
CUST01651,Need Attention,87,1,508.39,2,3,2,7,0.0,0.0,1,1,1,0,,bundle_discount,high
CUST01652,High-Value but Unhappy,40,3,2663.46,4,5,5,14,0.667,1.0,1,2,0,2,,free_shipping,medium
CUST01653,High-Value but Unhappy,87,2,1706.87,2,4,4,10,0.0,1.0,1,1,0,0,Silver,none,high
CUST01654,At-Risk High-Value,99,1,1073.19,2,3,3,8,0.0,0.0,0,1,2,2,,welcome_offer,high
CUST01655,Champions,13,2,1358.99,5,4,4,13,0.0,0.0,0,2,0,2,,none,low
CUST01656,Champions,9,6,3506.88,5,5,5,15,0.167,0.0,0,2,4,16,,welcome_offer,low
CUST01657,Dormant,328,0,0.0,1,1,1,3,0.0,0.0,0,0,0,2,Silver,new_launch,high
CUST01658,Loyal Customers,56,4,3534.3100000000004,3,5,5,13,0.0,0.0,2,3,0,3,,free_shipping,medium
CUST01659,At-Risk High-Value,98,2,1400.5700000000002,2,4,4,10,0.0,0.0,0,2,0,8,,new_launch,high
CUST01660,Champions,6,2,2406.57,5,4,5,14,0.0,0.0,0,2,3,10,,free_shipping,low
CUST01661,Discount-Dependent,154,1,326.3,1,3,1,5,1.0,0.0,0,1,0,0,,bundle_discount,high
CUST01662,Loyal Customers,33,2,1004.6500000000001,4,4,3,11,0.0,0.0,0,2,0,3,,none,low
CUST01663,Champions,22,3,2366.8,4,5,5,14,0.333,0.0,2,3,0,4,,free_shipping,medium
CUST01664,Loyal Customers,75,1,888.92,3,3,3,9,0.0,0.0,0,1,1,20,,welcome_offer,medium
CUST01665,Loyal Customers,75,1,335.28,3,3,1,7,0.0,0.0,0,1,1,6,,new_launch,medium
CUST01666,Dormant,318,0,0.0,1,1,1,3,0.0,0.0,0,0,4,5,,none,high
CUST01667,At-Risk High-Value,136,2,1307.77,2,4,4,10,0.0,0.0,0,1,2,12,Silver,new_launch,high
CUST01668,At-Risk High-Value,106,3,2195.5699999999997,2,5,5,12,0.0,0.0,0,3,0,7,Silver,bundle_discount,high
CUST01669,Need Attention,143,1,406.94,2,3,2,7,0.0,0.0,0,1,0,0,Gold,free_shipping,high
CUST01670,Champions,19,2,2472.29,5,4,5,14,0.0,0.0,1,1,0,15,,new_launch,medium
CUST01671,High-Value but Unhappy,79,3,3295.24,3,5,5,13,0.333,1.0,1,2,0,1,,new_launch,high
CUST01672,Champions,29,2,1440.35,4,4,4,12,0.0,0.0,0,2,0,7,Silver,welcome_offer,low
CUST01673,Loyal Customers,24,1,489.02,4,3,2,9,0.0,0.0,0,1,1,3,,none,low
CUST01674,At-Risk High-Value,116,2,936.21,2,4,3,9,0.0,0.0,0,2,0,5,,free_shipping,high
CUST01675,At-Risk High-Value,132,2,1309.95,2,4,4,10,0.0,0.0,0,2,0,3,Silver,free_shipping,high
CUST01676,Need Attention,133,1,578.91,2,3,2,7,0.0,0.0,0,1,1,5,,new_launch,high
CUST01677,Champions,17,3,1571.06,5,5,4,14,0.0,0.0,0,1,0,3,Gold,free_shipping,low
CUST01678,Loyal Customers,50,1,854.48,3,3,3,9,0.0,0.0,0,1,0,1,Gold,free_shipping,high
CUST01679,Loyal Customers,29,1,798.11,4,3,3,10,0.0,0.0,0,1,2,7,Silver,bundle_discount,low
CUST01680,Loyal Customers,36,1,2660.5,4,3,5,12,0.0,0.0,0,1,0,12,Platinum,welcome_offer,medium
CUST01681,Loyal Customers,53,1,804.75,3,3,3,9,0.0,0.0,0,1,0,6,Platinum,none,medium
CUST01682,Dormant,227,0,0.0,1,1,1,3,0.0,0.0,0,0,0,0,,bundle_discount,high
CUST01683,Champions,26,4,4532.08,4,5,5,14,0.0,0.0,0,3,0,7,,free_shipping,low
CUST01684,Loyal Customers,63,3,3554.1800000000003,3,5,5,13,0.0,0.0,0,2,0,4,Silver,bundle_discount,medium
CUST01685,Dormant,278,0,0.0,1,1,1,3,0.0,0.0,0,0,0,2,,none,high
CUST01686,At-Risk High-Value,138,1,699.98,2,3,3,8,0.0,0.0,0,1,0,0,,none,high
CUST01687,Loyal Customers,81,1,392.39,3,3,2,8,0.0,0.0,0,1,0,3,,none,high
CUST01688,Discount-Dependent,130,1,602.81,2,3,2,7,0.0,0.0,0,1,0,9,Silver,bundle_discount,high
CUST01689,Loyal Customers,62,1,1029.49,3,3,3,9,0.0,0.0,0,1,1,6,Silver,new_launch,medium
CUST01690,Loyal Customers,70,1,301.13,3,3,1,7,1.0,0.0,1,1,0,2,,free_shipping,medium
CUST01691,Discount-Dependent,89,1,591.46,2,3,2,7,1.0,1.0,1,1,0,8,Gold,none,high
CUST01692,Discount-Dependent,176,1,456.23,1,3,2,6,1.0,0.0,0,1,1,6,,welcome_offer,high
CUST01693,Loyal Customers,33,1,483.01,4,3,2,9,0.0,0.0,0,1,3,11,,bundle_discount,low
CUST01694,Loyal Customers,38,1,759.46,4,3,3,10,0.0,0.0,0,1,2,10,,new_launch,medium
CUST01695,Loyal Customers,72,3,1167.5900000000001,3,5,3,11,0.0,0.0,0,2,4,22,Gold,welcome_offer,medium
CUST01696,Need Attention,127,1,652.34,2,3,2,7,0.0,0.0,0,1,1,1,,none,high
CUST01697,Loyal Customers,62,2,1630.5700000000002,3,4,4,11,0.0,0.0,0,2,1,5,,new_launch,medium
CUST01698,High-Value but Unhappy,68,4,4139.24,3,5,5,13,0.25,1.0,1,4,1,5,,welcome_offer,medium
CUST01699,Dormant,242,0,0.0,1,1,1,3,0.0,0.0,0,0,0,2,,new_launch,high
CUST01700,Champions,6,2,2044.9,5,4,5,14,0.0,0.0,0,2,2,14,,new_launch,low
CUST01701,Loyal Customers,14,1,388.29,5,3,2,10,0.0,0.0,0,1,1,3,,bundle_discount,low
CUST01702,Dormant,209,0,0.0,1,1,1,3,0.0,0.0,0,0,0,3,,welcome_offer,high
CUST01703,Champions,7,2,2037.6100000000001,5,4,5,14,0.0,0.0,0,2,0,6,,bundle_discount,low
CUST01704,Loyal Customers,47,1,926.37,3,3,3,9,0.0,0.0,0,1,2,13,,bundle_discount,medium
CUST01705,High-Value but Unhappy,29,3,1829.77,4,5,4,13,0.0,1.0,1,3,2,21,Gold,free_shipping,medium
CUST01706,High-Value but Unhappy,6,3,1683.9099999999999,5,5,4,14,0.0,1.0,1,3,0,6,Silver,welcome_offer,medium
CUST01707,Champions,2,2,1446.76,5,4,4,13,0.0,0.0,0,2,0,5,Gold,new_launch,low
CUST01708,Champions,5,3,1319.75,5,5,4,14,0.0,0.0,0,2,0,7,,welcome_offer,low
CUST01709,Discount-Dependent,157,1,484.31,1,3,2,6,0.0,0.0,0,1,3,1,Gold,bundle_discount,high
CUST01710,High-Value but Unhappy,58,3,1236.27,3,5,4,12,0.0,1.0,1,2,1,10,Silver,none,medium
CUST01711,At-Risk High-Value,110,2,1341.5,2,4,4,10,0.0,0.0,0,2,2,2,,bundle_discount,high
CUST01712,Loyal Customers,25,1,828.82,4,3,3,10,0.0,0.0,1,1,0,9,,new_launch,medium
CUST01713,High-Value but Unhappy,41,5,3851.7200000000003,4,5,5,14,0.4,1.0,1,2,0,1,,bundle_discount,medium
CUST01714,At-Risk High-Value,132,1,894.52,2,3,3,8,0.0,0.0,0,1,0,0,Silver,free_shipping,high
CUST01715,At-Risk High-Value,121,1,703.76,2,3,3,8,0.0,0.0,0,1,1,4,Platinum,bundle_discount,high
CUST01716,Champions,31,2,1884.2800000000002,4,4,4,12,0.5,0.0,1,2,0,1,Gold,new_launch,medium
CUST01717,At-Risk High-Value,125,2,2810.4399999999996,2,4,5,11,0.0,0.0,0,1,0,6,Silver,welcome_offer,high
CUST01718,At-Risk High-Value,133,3,1495.2,2,5,4,11,0.0,0.0,0,3,2,4,Platinum,none,high
CUST01719,Need Attention,148,1,472.14,1,3,2,6,0.0,0.0,0,1,0,4,Silver,none,high
CUST01720,Champions,13,3,1236.77,5,5,4,14,0.0,0.0,1,3,4,9,,none,medium
CUST01721,Loyal Customers,38,1,617.29,4,3,2,9,0.0,0.0,0,1,0,5,,new_launch,medium
CUST01722,Loyal Customers,59,1,359.06,3,3,1,7,0.0,0.0,0,1,0,1,Silver,bundle_discount,high
CUST01723,High-Value but Unhappy,16,3,2534.09,5,5,5,15,0.0,1.0,1,2,0,4,Silver,welcome_offer,medium
CUST01724,Champions,39,2,1680.71,4,4,4,12,0.0,0.0,0,2,0,12,,free_shipping,medium
CUST01725,Loyal Customers,44,1,632.03,4,3,2,9,0.0,1.0,1,1,0,8,Silver,bundle_discount,medium
CUST01726,Loyal Customers,23,1,1507.03,4,3,4,11,0.0,0.0,0,1,2,17,,none,low
CUST01727,Loyal Customers,1,2,845.5799999999999,5,4,3,12,0.0,0.0,0,2,0,13,Silver,welcome_offer,low
CUST01728,Champions,10,2,1236.25,5,4,4,13,0.0,0.0,0,1,1,5,Platinum,free_shipping,low
CUST01729,High-Value but Unhappy,8,2,2079.31,5,4,5,14,0.5,1.0,2,1,1,11,Silver,welcome_offer,medium
CUST01730,At-Risk High-Value,120,2,788.6999999999999,2,4,3,9,0.0,0.0,0,2,3,7,Gold,free_shipping,high
CUST01731,Discount-Dependent,102,1,531.75,2,3,2,7,0.0,0.0,0,1,2,1,,welcome_offer,high
CUST01732,High-Value but Unhappy,9,4,4533.96,5,5,5,15,0.0,1.0,1,2,0,4,,free_shipping,medium
CUST01733,High-Value but Unhappy,92,3,2167.49,2,5,5,12,0.667,0.0,0,3,0,2,,none,high
CUST01734,At-Risk High-Value,160,1,1515.59,1,3,4,8,0.0,0.0,0,1,0,2,Silver,none,high
CUST01735,Loyal Customers,61,2,1287.08,3,4,4,11,0.5,0.0,0,2,1,6,,none,medium
CUST01736,High-Value but Unhappy,13,4,2197.62,5,5,5,15,0.25,1.0,2,4,1,8,Silver,welcome_offer,medium
CUST01737,Loyal Customers,26,1,512.92,4,3,2,9,0.0,0.0,0,1,0,9,Silver,free_shipping,low
CUST01738,Champions,39,4,2851.85,4,5,5,14,0.0,0.0,0,3,3,7,Silver,bundle_discount,medium
CUST01739,Loyal Customers,75,1,349.72,3,3,1,7,0.0,0.0,0,1,0,5,Silver,welcome_offer,medium
CUST01740,Loyal Customers,22,1,717.61,4,3,3,10,0.0,0.0,0,1,0,1,,free_shipping,high
CUST01741,Champions,29,3,1450.22,4,5,4,13,0.0,0.0,0,3,0,2,,bundle_discount,low
CUST01742,At-Risk High-Value,130,2,890.8,2,4,3,9,0.0,0.0,0,2,3,13,,welcome_offer,high
CUST01743,At-Risk High-Value,90,2,1117.05,2,4,3,9,0.0,0.0,1,2,0,6,Platinum,welcome_offer,high
CUST01744,At-Risk High-Value,111,1,1021.08,2,3,3,8,0.0,0.0,0,1,0,3,,none,high
CUST01745,Dormant,204,0,0.0,1,1,1,3,0.0,0.0,0,0,2,6,,free_shipping,high
CUST01746,Dormant,239,0,0.0,1,1,1,3,0.0,0.0,0,0,2,1,,free_shipping,high
CUST01747,Loyal Customers,24,1,1498.03,4,3,4,11,0.0,0.0,0,1,1,7,Gold,bundle_discount,low
CUST01748,Loyal Customers,36,1,150.03,4,3,1,8,0.0,0.0,0,1,3,4,Silver,new_launch,medium
CUST01749,Dormant,190,0,0.0,1,1,1,3,0.0,0.0,0,0,0,0,Silver,new_launch,high
CUST01750,Discount-Dependent,137,1,556.93,2,3,2,7,0.0,0.0,0,1,0,4,,free_shipping,high
CUST01751,Loyal Customers,61,1,332.52,3,3,1,7,0.0,0.0,0,1,0,3,,new_launch,medium
CUST01752,Discount-Dependent,171,1,516.34,1,3,2,6,0.0,0.0,0,1,0,2,,none,high
CUST01753,Loyal Customers,43,2,912.8100000000001,4,4,3,11,0.0,0.0,0,1,0,4,Gold,free_shipping,medium
CUST01754,Loyal Customers,13,2,806.9000000000001,5,4,3,12,0.0,0.0,0,1,1,4,,none,low
CUST01755,At-Risk High-Value,152,1,738.44,1,3,3,7,0.0,0.0,0,1,0,3,,welcome_offer,high
CUST01756,At-Risk High-Value,90,2,1557.58,2,4,4,10,0.0,0.0,0,2,2,12,Silver,bundle_discount,high
CUST01757,At-Risk High-Value,167,2,1856.03,1,4,4,9,0.0,0.0,0,2,0,1,Silver,free_shipping,high
CUST01758,Loyal Customers,78,1,411.88,3,3,2,8,0.0,0.0,0,1,1,2,,bundle_discount,high
CUST01759,At-Risk High-Value,89,2,1973.57,2,4,5,11,0.0,0.0,0,2,0,3,,new_launch,high
CUST01760,Loyal Customers,69,3,2991.54,3,5,5,13,0.0,0.0,0,3,0,2,,free_shipping,medium
CUST01761,At-Risk High-Value,89,3,2645.16,2,5,5,12,0.0,0.0,0,3,1,2,,none,high
CUST01762,Loyal Customers,66,1,2131.17,3,3,5,11,0.0,0.0,0,1,0,1,,free_shipping,high
CUST01763,Loyal Customers,8,1,705.53,5,3,3,11,1.0,1.0,1,1,0,3,,welcome_offer,medium
CUST01764,High-Value but Unhappy,45,3,1471.8400000000001,4,5,4,13,0.0,1.0,1,3,0,5,,none,medium
CUST01765,Dormant,265,0,0.0,1,1,1,3,0.0,0.0,0,0,1,0,,bundle_discount,high
CUST01766,Need Attention,163,1,561.64,1,3,2,6,0.0,0.0,0,1,0,4,,new_launch,high
CUST01767,Discount-Dependent,145,1,488.2,2,3,2,7,0.0,0.0,0,1,0,5,,none,high
CUST01768,At-Risk High-Value,101,2,1316.76,2,4,4,10,0.0,0.0,0,1,3,10,,none,high
CUST01769,Loyal Customers,55,2,3149.49,3,4,5,12,0.0,0.0,0,2,3,10,,none,medium
CUST01770,High-Value but Unhappy,58,3,1327.79,3,5,4,12,0.333,1.0,2,2,0,2,Gold,free_shipping,medium
CUST01771,Loyal Customers,58,2,1481.0700000000002,3,4,4,11,0.0,0.0,0,2,1,14,Gold,welcome_offer,medium
CUST01772,Dormant,254,0,0.0,1,1,1,3,0.0,0.0,0,0,0,0,,bundle_discount,high
CUST01773,Dormant,196,0,0.0,1,1,1,3,0.0,0.0,0,0,2,5,Gold,welcome_offer,high
CUST01774,At-Risk High-Value,152,3,2110.4300000000003,1,5,5,11,0.333,0.0,0,2,2,0,Gold,none,high
CUST01775,Loyal Customers,49,2,1120.32,3,4,3,10,0.0,1.0,1,2,0,6,,none,medium
CUST01776,Loyal Customers,79,1,962.07,3,3,3,9,0.0,0.0,0,1,2,4,,none,high
CUST01777,At-Risk High-Value,167,2,1872.12,1,4,4,9,0.0,0.0,0,2,1,6,,welcome_offer,high
CUST01778,Need Attention,87,1,512.32,2,3,2,7,0.0,0.0,0,1,0,6,,none,high
CUST01779,At-Risk High-Value,167,1,1574.84,1,3,4,8,0.0,0.0,0,1,2,3,,new_launch,high
CUST01780,High-Value but Unhappy,5,1,2015.96,5,3,5,13,0.0,1.0,1,1,0,8,,welcome_offer,medium
CUST01781,Dormant,241,0,0.0,1,1,1,3,0.0,0.0,0,0,2,3,,welcome_offer,high
CUST01782,Discount-Dependent,137,1,402.31,2,3,2,7,0.0,0.0,0,1,0,1,,bundle_discount,high
CUST01783,Loyal Customers,21,2,1070.9,4,4,3,11,0.0,0.0,0,2,0,1,,welcome_offer,low
CUST01784,Loyal Customers,67,2,1646.49,3,4,4,11,0.0,0.0,0,2,0,12,,none,medium
CUST01785,Loyal Customers,14,1,982.58,5,3,3,11,0.0,0.0,0,1,0,1,,free_shipping,high
CUST01786,Champions,23,4,2280.21,4,5,5,14,0.2,0.0,0,4,0,2,Gold,none,low
CUST01787,Loyal Customers,75,1,1770.53,3,3,4,10,0.0,0.0,0,1,1,6,Gold,free_shipping,medium
CUST01788,Loyal Customers,54,3,2627.07,3,5,5,13,0.333,0.0,1,2,0,4,Silver,new_launch,medium
CUST01789,Loyal Customers,52,1,341.52,3,3,1,7,0.0,0.0,0,1,0,6,,none,medium
CUST01790,Champions,40,3,1750.7,4,5,4,13,0.0,0.0,0,2,0,1,,welcome_offer,medium
CUST01791,Loyal Customers,82,1,287.89,3,3,1,7,0.0,0.0,0,1,0,5,,welcome_offer,high
CUST01792,Loyal Customers,36,1,821.29,4,3,3,10,0.0,0.0,0,1,1,12,,none,medium
CUST01793,Loyal Customers,48,1,1476.12,3,3,4,10,0.0,0.0,1,1,1,3,,welcome_offer,medium
CUST01794,Champions,26,2,1843.9,4,4,4,12,0.0,0.0,0,2,1,8,Silver,free_shipping,low
CUST01795,At-Risk High-Value,89,1,1266.99,2,3,4,9,0.0,0.0,1,1,1,7,,bundle_discount,high
CUST01796,Loyal Customers,33,1,500.81,4,3,2,9,0.0,0.0,0,1,0,4,Silver,new_launch,low
CUST01797,High-Value but Unhappy,117,1,1593.85,2,3,4,9,1.0,0.0,0,1,0,6,Silver,free_shipping,high
CUST01798,At-Risk High-Value,103,1,1100.62,2,3,3,8,0.0,0.0,0,1,0,5,Platinum,none,high
CUST01799,Loyal Customers,74,1,659.32,3,3,2,8,0.0,1.0,1,1,0,0,Silver,free_shipping,high
CUST01800,Need Attention,122,1,507.22,2,3,2,7,0.0,0.0,0,1,1,5,Silver,bundle_discount,high
CUST01801,Loyal Customers,24,1,371.61,4,3,2,9,0.0,0.0,1,1,1,10,,free_shipping,medium
CUST01802,Need Attention,139,1,517.28,2,3,2,7,0.0,0.0,0,2,0,3,Silver,free_shipping,high
CUST01803,At-Risk High-Value,104,2,1100.8600000000001,2,4,3,9,0.0,0.0,0,2,0,1,Silver,welcome_offer,high
CUST01804,Discount-Dependent,177,1,578.62,1,3,2,6,0.0,0.0,0,1,0,4,,welcome_offer,high
CUST01805,Loyal Customers,37,1,433.16,4,3,2,9,0.0,0.0,0,1,1,0,Gold,new_launch,high
CUST01806,Loyal Customers,50,1,411.72,3,3,2,8,0.0,0.0,0,1,2,8,Gold,welcome_offer,medium
CUST01807,Loyal Customers,74,2,1672.74,3,4,4,11,0.5,0.0,0,2,1,3,Silver,bundle_discount,medium
CUST01808,Loyal Customers,17,1,234.39,5,3,1,9,0.0,0.0,0,1,0,5,,new_launch,low
CUST01809,Champions,45,2,2554.61,4,4,5,13,0.5,0.0,0,2,1,2,,welcome_offer,medium
CUST01810,Loyal Customers,28,1,381.71,4,3,2,9,0.0,0.0,0,1,2,8,,new_launch,low
CUST01811,Loyal Customers,69,4,3016.58,3,5,5,13,0.0,0.0,1,3,2,7,Silver,bundle_discount,medium
CUST01812,Champions,25,3,2134.42,4,5,5,14,0.0,0.0,0,3,0,16,Platinum,none,low
CUST01813,High-Value but Unhappy,22,3,2171.56,4,5,5,14,0.333,1.0,1,3,3,5,Gold,none,medium
CUST01814,Loyal Customers,43,1,579.84,4,3,2,9,0.0,1.0,1,1,0,6,,welcome_offer,medium
CUST01815,Loyal Customers,4,1,762.94,5,3,3,11,0.0,0.0,0,1,0,4,,none,low
CUST01816,Dormant,189,0,0.0,1,1,1,3,0.0,0.0,0,0,0,2,Silver,free_shipping,high
CUST01817,Need Attention,147,1,429.19,2,3,2,7,0.0,0.0,0,1,0,6,,free_shipping,high
CUST01818,Need Attention,168,1,403.61,1,3,2,6,0.0,0.0,0,1,0,1,Silver,welcome_offer,high
CUST01819,Loyal Customers,82,2,1750.5700000000002,3,4,4,11,0.5,0.0,1,2,0,2,Silver,none,high
CUST01820,Champions,6,3,2242.0,5,5,5,15,0.0,0.0,0,2,0,7,Silver,free_shipping,low
CUST01821,Champions,41,3,2654.29,4,5,5,14,0.0,0.0,0,3,0,2,Gold,welcome_offer,medium
CUST01822,Loyal Customers,50,2,2116.75,3,4,5,12,0.0,0.0,1,2,0,1,,bundle_discount,medium
CUST01823,Loyal Customers,32,1,1142.69,4,3,3,10,0.0,0.0,0,1,0,6,,free_shipping,low
CUST01824,Dormant,201,0,0.0,1,1,1,3,0.0,0.0,0,0,1,4,,none,high
CUST01825,Loyal Customers,16,1,561.93,5,3,2,10,0.0,0.0,1,1,1,14,Platinum,none,medium
CUST01826,Loyal Customers,57,3,1929.3,3,5,5,13,0.0,0.0,0,3,0,0,Silver,free_shipping,medium
CUST01827,Champions,5,2,1217.56,5,4,4,13,0.0,0.0,0,2,0,8,Silver,welcome_offer,low
CUST01828,At-Risk High-Value,122,3,1876.83,2,5,4,11,0.0,0.0,0,3,3,5,,welcome_offer,high
CUST01829,At-Risk High-Value,101,3,2668.19,2,5,5,12,0.0,0.0,0,2,0,4,Gold,none,high
CUST01830,Loyal Customers,27,1,258.18,4,3,1,8,0.0,1.0,1,1,0,2,,free_shipping,medium
CUST01831,Loyal Customers,11,1,448.22,5,3,2,10,0.0,1.0,1,1,0,13,,bundle_discount,medium
CUST01832,At-Risk High-Value,95,3,2313.58,2,5,5,12,0.0,0.0,0,2,0,3,,none,high
CUST01833,Champions,27,4,2563.66,4,5,5,14,0.0,0.0,0,2,3,1,Gold,bundle_discount,low
CUST01834,Loyal Customers,2,1,715.74,5,3,3,11,0.0,0.0,0,1,2,5,Gold,welcome_offer,low
CUST01835,At-Risk High-Value,132,1,710.25,2,3,3,8,0.0,0.0,0,1,2,15,Silver,free_shipping,high
CUST01836,At-Risk High-Value,125,2,1392.01,2,4,4,10,0.0,0.0,0,2,1,12,,none,high
CUST01837,Loyal Customers,76,1,441.28,3,3,2,8,0.0,0.0,0,1,0,5,,bundle_discount,high
CUST01838,Loyal Customers,64,2,775.96,3,4,3,10,0.0,0.0,0,2,0,7,,free_shipping,medium
CUST01839,Champions,0,3,1378.5,5,5,4,14,0.0,0.0,0,3,3,15,Platinum,free_shipping,low
CUST01840,Discount-Dependent,101,1,333.12,2,3,1,6,0.0,0.0,0,1,0,5,Platinum,none,high
CUST01841,Champions,14,4,2919.05,5,5,5,15,0.0,0.0,0,4,0,17,Silver,bundle_discount,low
CUST01842,At-Risk High-Value,161,1,1332.91,1,3,4,8,0.0,0.0,0,1,1,0,,welcome_offer,high
CUST01843,Loyal Customers,25,1,2211.51,4,3,5,12,0.0,0.0,0,1,0,8,,new_launch,low
CUST01844,At-Risk High-Value,125,2,1933.86,2,4,5,11,0.0,0.0,0,2,0,8,Silver,new_launch,high
CUST01845,Discount-Dependent,164,1,545.67,1,3,2,6,0.0,0.0,0,1,0,3,,welcome_offer,high
CUST01846,Loyal Customers,76,1,537.7,3,3,2,8,0.0,0.0,0,1,0,5,,new_launch,high
CUST01847,Loyal Customers,16,1,1293.93,5,3,4,12,0.0,0.0,0,1,0,2,,welcome_offer,low
CUST01848,Champions,1,2,2164.85,5,4,5,14,0.0,0.0,0,2,0,10,,new_launch,low
CUST01849,Loyal Customers,34,1,385.85,4,3,2,9,0.0,0.0,0,1,0,3,,welcome_offer,low
CUST01850,Loyal Customers,28,1,510.71,4,3,2,9,0.0,0.0,0,1,0,5,Silver,welcome_offer,low
CUST01851,Dormant,355,0,0.0,1,1,1,3,0.0,0.0,0,0,1,2,,new_launch,high
CUST01852,Loyal Customers,48,1,572.93,3,3,2,8,0.0,1.0,1,1,3,2,Silver,free_shipping,medium
CUST01853,Discount-Dependent,153,1,430.99,1,3,2,6,0.0,0.0,0,1,0,0,Silver,none,high
CUST01854,At-Risk High-Value,150,2,1301.87,1,4,4,9,0.0,0.0,0,2,0,5,,new_launch,high
CUST01855,High-Value but Unhappy,72,2,2034.5300000000002,3,4,5,12,0.0,1.0,1,2,2,11,,bundle_discount,medium
CUST01856,Dormant,211,0,0.0,1,1,1,3,0.0,0.0,0,0,0,0,Platinum,free_shipping,high
CUST01857,Loyal Customers,74,1,257.75,3,3,1,7,0.0,0.0,0,1,0,1,,bundle_discount,high
CUST01858,Loyal Customers,20,1,522.62,5,3,2,10,0.0,1.0,1,1,1,9,,bundle_discount,medium
CUST01859,Champions,15,2,1262.4,5,4,4,13,0.0,0.0,0,2,5,12,Platinum,none,low
CUST01860,Loyal Customers,1,2,914.9300000000001,5,4,3,12,0.5,0.5,2,2,0,9,,bundle_discount,medium
CUST01861,Champions,1,2,2185.49,5,4,5,14,0.0,0.0,0,2,2,4,,new_launch,low
CUST01862,Champions,9,3,3486.8,5,5,5,15,0.0,0.0,0,2,1,4,Silver,free_shipping,low
CUST01863,Dormant,188,0,0.0,1,1,1,3,0.0,0.0,0,0,0,4,,bundle_discount,high
CUST01864,Dormant,221,0,0.0,1,1,1,3,0.0,0.0,0,0,0,3,,none,high
CUST01865,Loyal Customers,60,2,1418.31,3,4,4,11,0.0,0.0,1,2,1,4,,bundle_discount,medium
CUST01866,Loyal Customers,70,1,510.52,3,3,2,8,0.0,1.0,1,1,0,16,,new_launch,medium
CUST01867,Loyal Customers,11,1,663.94,5,3,2,10,0.0,0.0,0,1,0,2,,free_shipping,low
CUST01868,Loyal Customers,80,2,1267.91,3,4,4,11,0.0,0.0,0,2,1,4,,new_launch,high
CUST01869,Loyal Customers,52,3,1551.23,3,5,4,12,0.0,0.0,0,2,0,13,Silver,none,medium
CUST01870,At-Risk High-Value,91,2,1401.02,2,4,4,10,0.0,0.0,0,1,1,9,,none,high
CUST01871,At-Risk High-Value,100,1,1448.69,2,3,4,9,0.0,0.0,0,1,0,1,,welcome_offer,high
CUST01872,Loyal Customers,41,1,817.34,4,3,3,10,0.0,1.0,1,1,0,4,,bundle_discount,medium
CUST01873,Champions,9,2,1277.58,5,4,4,13,0.0,0.0,0,1,1,5,,new_launch,low
CUST01874,Loyal Customers,31,1,663.19,4,3,2,9,0.0,0.0,0,1,0,1,,none,high
CUST01875,Loyal Customers,74,1,296.55,3,3,1,7,0.0,0.0,0,1,0,0,,none,high
CUST01876,At-Risk High-Value,143,1,1038.71,2,3,3,8,0.0,0.0,0,1,0,1,,new_launch,high
CUST01877,High-Value but Unhappy,45,2,2170.9700000000003,4,4,5,13,0.5,1.0,1,2,0,1,,new_launch,medium
CUST01878,Loyal Customers,22,1,314.15,4,3,1,8,0.0,0.0,0,1,0,4,,welcome_offer,low
CUST01879,Loyal Customers,24,1,709.74,4,3,3,10,1.0,1.0,1,1,2,5,Gold,welcome_offer,medium
CUST01880,Dormant,231,0,0.0,1,1,1,3,0.0,0.0,0,0,0,3,,bundle_discount,high
CUST01881,Loyal Customers,8,2,1058.59,5,4,3,12,0.0,1.0,1,2,0,0,Platinum,free_shipping,medium
CUST01882,Dormant,219,0,0.0,1,1,1,3,0.0,0.0,0,0,0,0,Gold,bundle_discount,high
CUST01883,High-Value but Unhappy,5,2,1461.71,5,4,4,13,0.5,1.0,1,2,0,2,,welcome_offer,medium
CUST01884,Dormant,234,0,0.0,1,1,1,3,0.0,0.0,0,0,0,2,,none,high
CUST01885,Champions,6,3,2419.99,5,5,5,15,0.0,0.0,0,3,2,9,Silver,welcome_offer,low
CUST01886,Loyal Customers,78,1,309.36,3,3,1,7,0.0,0.0,0,1,0,6,,bundle_discount,high
CUST01887,Discount-Dependent,126,2,358.26,2,4,1,7,0.0,0.0,0,2,1,1,,new_launch,high
CUST01888,Loyal Customers,27,3,626.1,4,5,2,11,0.0,0.0,0,2,1,3,Gold,bundle_discount,low
CUST01889,Loyal Customers,71,2,1553.42,3,4,4,11,0.0,0.0,0,1,0,5,Silver,free_shipping,medium
CUST01890,Dormant,226,0,0.0,1,1,1,3,0.0,0.0,0,0,3,1,,new_launch,high
CUST01891,Dormant,217,0,0.0,1,1,1,3,0.0,0.0,0,0,0,0,,none,high
CUST01892,Loyal Customers,39,1,547.55,4,3,2,9,0.0,0.0,0,1,1,5,Gold,free_shipping,medium
CUST01893,Loyal Customers,50,1,1501.3,3,3,4,10,0.0,0.0,0,1,1,2,,none,medium
CUST01894,Dormant,195,0,0.0,1,1,1,3,0.0,0.0,0,0,2,2,Silver,none,high
CUST01895,Dormant,329,0,0.0,1,1,1,3,0.0,0.0,0,0,3,7,Silver,welcome_offer,high
CUST01896,Loyal Customers,70,1,177.86,3,3,1,7,0.0,0.0,0,1,2,10,,free_shipping,medium
CUST01897,Champions,28,2,1482.8200000000002,4,4,4,12,0.0,0.0,0,2,0,7,,bundle_discount,low
CUST01898,Dormant,218,0,0.0,1,1,1,3,0.0,0.0,0,0,0,1,,new_launch,high
CUST01899,High-Value but Unhappy,53,2,1576.16,3,4,4,11,0.0,1.0,1,1,0,2,,none,medium
CUST01900,Loyal Customers,75,3,1920.7400000000002,3,5,5,13,0.0,0.0,0,2,2,9,,new_launch,medium
CUST01901,At-Risk High-Value,163,1,736.42,1,3,3,7,0.0,0.0,0,1,2,6,Silver,new_launch,high
CUST01902,Loyal Customers,53,2,549.9300000000001,3,4,2,9,0.0,0.0,0,2,0,1,Silver,welcome_offer,medium
CUST01903,Champions,20,2,1434.04,5,4,4,13,0.0,0.0,0,2,0,8,,welcome_offer,low
CUST01904,Champions,39,3,2969.4300000000003,4,5,5,14,0.333,0.0,1,3,0,4,Silver,welcome_offer,medium
CUST01905,High-Value but Unhappy,2,3,2083.6400000000003,5,5,5,15,0.0,1.0,1,2,3,6,Gold,new_launch,medium
CUST01906,Loyal Customers,81,1,555.37,3,3,2,8,0.0,0.0,0,1,0,3,,none,high
CUST01907,Champions,32,2,1249.44,4,4,4,12,0.0,0.0,0,1,1,3,Silver,welcome_offer,low
CUST01908,Dormant,216,0,0.0,1,1,1,3,0.0,0.0,0,0,0,1,,welcome_offer,high
CUST01909,Loyal Customers,37,1,825.7,4,3,3,10,0.0,0.0,0,1,0,13,Silver,new_launch,medium
CUST01910,Need Attention,130,1,554.5,2,3,2,7,0.0,0.0,0,1,0,1,Silver,welcome_offer,high
CUST01911,High-Value but Unhappy,40,3,2463.55,4,5,5,14,0.0,1.0,1,3,0,4,Gold,new_launch,medium
CUST01912,Loyal Customers,43,2,1106.5,4,4,3,11,0.0,0.0,0,2,0,13,,welcome_offer,medium
CUST01913,Loyal Customers,78,1,422.52,3,3,2,8,0.0,0.0,0,1,0,2,,welcome_offer,high
CUST01914,Loyal Customers,83,2,2531.95,3,4,5,12,0.0,0.0,0,2,0,7,Platinum,welcome_offer,high
CUST01915,Dormant,273,0,0.0,1,1,1,3,0.0,0.0,0,0,0,1,,welcome_offer,high
CUST01916,Loyal Customers,10,2,934.02,5,4,3,12,0.0,0.0,0,1,1,3,Silver,new_launch,low
CUST01917,Dormant,196,0,0.0,1,1,1,3,0.0,0.0,0,0,0,2,Silver,free_shipping,high
CUST01918,At-Risk High-Value,170,1,1508.27,1,3,4,8,0.0,0.0,0,1,1,1,,none,high
CUST01919,Loyal Customers,40,1,328.12,4,3,1,8,0.0,0.0,0,1,0,10,,new_launch,medium
CUST01920,Dormant,215,0,0.0,1,1,1,3,0.0,0.0,0,0,0,1,Silver,bundle_discount,high
CUST01921,Loyal Customers,75,1,1096.7,3,3,3,9,0.0,0.0,0,1,0,9,,bundle_discount,medium
CUST01922,Loyal Customers,30,1,1747.45,4,3,4,11,0.0,0.0,0,1,1,10,Silver,welcome_offer,low
CUST01923,Need Attention,146,1,493.47,2,3,2,7,0.0,0.0,0,1,2,9,Gold,bundle_discount,high
CUST01924,Loyal Customers,61,1,371.86,3,3,2,8,0.0,0.0,0,1,0,13,Platinum,bundle_discount,medium
CUST01925,Loyal Customers,12,1,448.97,5,3,2,10,0.0,0.0,0,1,2,12,,new_launch,low
CUST01926,Discount-Dependent,130,1,449.37,2,3,2,7,0.0,0.0,0,1,0,5,Silver,free_shipping,high
CUST01927,At-Risk High-Value,163,1,1254.25,1,3,4,8,0.0,0.0,0,1,1,1,Platinum,none,high
CUST01928,Loyal Customers,6,1,462.37,5,3,2,10,0.0,0.0,0,1,3,14,Gold,none,low
CUST01929,Need Attention,163,1,412.99,1,3,2,6,0.0,0.0,0,1,0,5,Gold,welcome_offer,high
CUST01930,Loyal Customers,19,2,1131.9099999999999,5,4,3,12,0.0,0.0,0,2,0,2,,free_shipping,low
CUST01931,Loyal Customers,10,2,975.78,5,4,3,12,0.0,0.0,0,2,0,11,,free_shipping,low
CUST01932,Loyal Customers,12,1,1359.13,5,3,4,12,0.0,0.0,0,1,2,11,Platinum,welcome_offer,low
CUST01933,Loyal Customers,39,1,457.58,4,3,2,9,0.0,0.0,0,1,2,6,,free_shipping,medium
CUST01934,Loyal Customers,33,1,585.58,4,3,2,9,0.0,0.0,0,1,0,8,,free_shipping,low
CUST01935,Loyal Customers,52,1,308.98,3,3,1,7,0.0,0.0,0,1,1,8,,free_shipping,medium
CUST01936,Loyal Customers,34,1,300.34,4,3,1,8,0.0,0.0,0,1,2,8,Silver,welcome_offer,low
CUST01937,Need Attention,120,1,383.33,2,3,2,7,0.0,0.0,0,1,0,3,,bundle_discount,high
CUST01938,Champions,45,3,1299.72,4,5,4,13,0.333,0.0,0,3,0,4,,free_shipping,medium
CUST01939,Champions,34,4,3249.84,4,5,5,14,0.0,0.0,0,2,0,13,,none,low
CUST01940,Champions,8,2,1355.74,5,4,4,13,0.0,0.0,0,2,1,12,,new_launch,low
CUST01941,High-Value but Unhappy,47,4,2815.2000000000003,3,5,5,13,0.25,1.0,1,3,0,11,,free_shipping,medium
CUST01942,Dormant,249,0,0.0,1,1,1,3,0.0,0.0,0,0,2,4,,welcome_offer,high
CUST01943,Loyal Customers,52,3,3506.41,3,5,5,13,0.0,0.0,0,3,0,10,Gold,bundle_discount,medium
CUST01944,Loyal Customers,13,1,451.76,5,3,2,10,0.0,0.0,0,1,0,6,,new_launch,low
CUST01945,Need Attention,118,1,554.68,2,3,2,7,0.0,0.0,0,1,0,0,,free_shipping,high
CUST01946,Need Attention,118,1,590.95,2,3,2,7,0.0,0.0,0,1,2,4,,none,high
CUST01947,At-Risk High-Value,123,2,806.74,2,4,3,9,0.0,0.0,0,2,1,6,Silver,free_shipping,high
CUST01948,At-Risk High-Value,170,1,802.25,1,3,3,7,0.0,0.0,0,1,0,3,,welcome_offer,high
CUST01949,At-Risk High-Value,136,1,1097.78,2,3,3,8,0.0,0.0,0,1,0,9,Silver,bundle_discount,high
CUST01950,Discount-Dependent,136,1,670.55,2,3,2,7,0.0,0.0,0,1,0,2,,free_shipping,high
CUST01951,Discount-Dependent,125,1,599.47,2,3,2,7,0.0,0.0,0,1,0,2,Silver,bundle_discount,high
CUST01952,Dormant,313,0,0.0,1,1,1,3,0.0,0.0,0,0,0,3,,welcome_offer,high
CUST01953,At-Risk High-Value,176,1,886.28,1,3,3,7,0.0,0.0,0,1,0,0,,welcome_offer,high
CUST01954,Loyal Customers,50,2,1200.01,3,4,4,11,0.0,0.0,0,2,0,2,,none,medium
CUST01955,High-Value but Unhappy,25,4,1750.78,4,5,4,13,0.0,1.0,1,4,4,11,Gold,new_launch,medium
CUST01956,Loyal Customers,78,1,301.98,3,3,1,7,0.0,0.0,0,1,1,5,,free_shipping,high
CUST01957,Dormant,210,0,0.0,1,1,1,3,0.0,0.0,0,0,0,3,Gold,free_shipping,high
CUST01958,Discount-Dependent,113,1,436.01,2,3,2,7,0.0,0.0,0,1,0,5,Silver,free_shipping,high
CUST01959,Loyal Customers,9,1,676.52,5,3,2,10,0.0,0.0,0,1,0,4,,new_launch,low
CUST01960,Loyal Customers,25,1,1173.93,4,3,3,10,0.0,0.0,0,1,0,4,,free_shipping,low
CUST01961,Loyal Customers,79,1,1265.7,3,3,4,10,0.0,0.0,0,1,1,1,,none,high
CUST01962,At-Risk High-Value,142,2,1458.09,2,4,4,10,0.0,0.0,0,2,0,2,,new_launch,high
CUST01963,At-Risk High-Value,113,1,827.54,2,3,3,8,0.0,0.0,0,1,0,6,,welcome_offer,high
CUST01964,Loyal Customers,15,1,848.15,5,3,3,11,0.0,0.0,0,1,0,4,Silver,none,low
CUST01965,Dormant,196,0,0.0,1,1,1,3,0.0,0.0,0,0,1,3,,free_shipping,high
CUST01966,Loyal Customers,49,1,990.76,3,3,3,9,0.0,0.0,0,1,0,9,,none,medium
CUST01967,Loyal Customers,28,2,874.98,4,4,3,11,0.0,0.0,1,2,0,12,,new_launch,medium
CUST01968,High-Value but Unhappy,59,1,1323.58,3,3,4,10,1.0,1.0,1,1,1,2,Platinum,bundle_discount,medium
CUST01969,Loyal Customers,80,2,1641.0,3,4,4,11,0.0,0.0,1,2,0,3,,welcome_offer,high
CUST01970,Loyal Customers,84,2,1351.58,3,4,4,11,0.0,0.0,0,1,2,14,Gold,welcome_offer,high
CUST01971,High-Value but Unhappy,10,2,2559.3999999999996,5,4,5,14,0.5,1.0,1,2,1,12,,bundle_discount,medium
CUST01972,Champions,4,5,2355.5,5,5,5,15,0.2,0.0,0,3,0,15,,none,low
CUST01973,At-Risk High-Value,89,1,1195.4,2,3,4,9,0.0,0.0,0,1,2,18,,new_launch,high
CUST01974,Loyal Customers,54,1,535.27,3,3,2,8,0.0,0.0,1,1,0,9,Silver,free_shipping,medium
CUST01975,Loyal Customers,57,1,970.02,3,3,3,9,0.0,0.0,0,1,0,9,,new_launch,medium
CUST01976,High-Value but Unhappy,100,4,3483.16,2,5,5,12,0.25,1.0,1,3,1,15,,none,high
CUST01977,High-Value but Unhappy,68,2,1844.12,3,4,4,11,0.0,1.0,1,2,0,8,,none,medium
CUST01978,Discount-Dependent,156,1,549.68,1,3,2,6,0.0,0.0,0,1,1,2,Platinum,welcome_offer,high
CUST01979,Loyal Customers,61,1,669.46,3,3,2,8,0.0,0.0,0,1,0,13,Silver,new_launch,medium
CUST01980,Champions,1,2,1535.81,5,4,4,13,0.0,0.0,0,2,2,10,,bundle_discount,low
CUST01981,Loyal Customers,84,1,1480.4,3,3,4,10,0.0,0.0,0,1,2,13,,none,high
CUST01982,High-Value but Unhappy,36,2,1678.1,4,4,4,12,0.0,1.0,1,2,0,5,Silver,new_launch,medium
CUST01983,Loyal Customers,67,1,247.47,3,3,1,7,0.0,0.0,0,1,1,13,,bundle_discount,medium
CUST01984,Champions,21,6,3972.7,4,5,5,14,0.0,0.5,2,4,2,8,,free_shipping,medium
CUST01985,Loyal Customers,75,1,1983.49,3,3,5,11,0.0,0.0,0,1,0,12,,new_launch,medium
CUST01986,Champions,5,3,2851.9700000000003,5,5,5,15,0.333,0.0,0,3,1,17,Gold,none,low
CUST01987,Discount-Dependent,127,1,299.78,2,3,1,6,0.0,0.0,0,1,0,4,,none,high
CUST01988,Loyal Customers,52,1,824.71,3,3,3,9,0.0,0.0,0,1,0,2,,bundle_discount,medium
CUST01989,Loyal Customers,70,1,402.97,3,3,2,8,0.0,0.0,0,1,0,0,Silver,new_launch,high
CUST01990,Loyal Customers,59,4,3877.7699999999995,3,5,5,13,0.0,0.0,0,3,1,11,Silver,bundle_discount,medium
CUST01991,High-Value but Unhappy,65,2,1375.81,3,4,4,11,0.5,1.0,1,1,0,8,Silver,none,medium
CUST01992,Loyal Customers,50,1,1412.07,3,3,4,10,0.0,0.0,0,1,1,7,,new_launch,medium
CUST01993,High-Value but Unhappy,23,4,2199.04,4,5,5,14,0.0,1.0,1,4,0,0,,bundle_discount,medium
CUST01994,Loyal Customers,83,1,716.99,3,3,3,9,0.0,0.0,0,1,0,0,,none,high
CUST01995,Need Attention,144,1,680.4,2,3,2,7,0.0,0.0,0,1,0,2,,none,high
CUST01996,Dormant,206,0,0.0,1,1,1,3,0.0,0.0,0,0,1,2,Gold,free_shipping,high
CUST01997,Loyal Customers,23,1,914.23,4,3,3,10,0.0,0.0,0,1,2,9,Silver,none,low
CUST01998,High-Value but Unhappy,6,3,2894.07,5,5,5,15,0.0,1.0,1,2,0,13,Gold,bundle_discount,medium
CUST01999,Loyal Customers,70,2,762.25,3,4,3,10,0.0,0.0,0,1,1,4,Gold,free_shipping,medium
CUST02000,Need Attention,96,1,659.61,2,3,2,7,0.0,0.0,0,1,0,11,Gold,bundle_discount,high
CUST02001,Loyal Customers,5,1,519.52,5,3,2,10,0.0,0.0,0,1,1,12,Silver,none,low
CUST02002,Champions,27,2,1975.52,4,4,5,13,0.0,0.0,0,1,2,7,,welcome_offer,low
CUST02003,Discount-Dependent,169,1,225.92,1,3,1,5,0.0,0.0,0,1,0,3,,new_launch,high
CUST02004,Loyal Customers,1,1,1164.15,5,3,3,11,0.0,0.0,0,1,1,6,,welcome_offer,low
CUST02005,Loyal Customers,7,2,660.44,5,4,2,11,0.0,0.0,0,2,2,6,,new_launch,low
CUST02006,At-Risk High-Value,99,1,1872.67,2,3,4,9,0.0,0.0,0,1,0,2,,welcome_offer,high
CUST02007,At-Risk High-Value,152,2,1436.8899999999999,1,4,4,9,0.0,0.0,0,2,1,5,Platinum,new_launch,high
CUST02008,Dormant,228,0,0.0,1,1,1,3,0.0,0.0,0,0,0,3,,none,high
CUST02009,Champions,31,2,2246.02,4,4,5,13,0.5,0.0,1,2,0,1,Gold,new_launch,medium
CUST02010,At-Risk High-Value,97,2,3814.95,2,4,5,11,0.0,0.0,0,2,3,6,,welcome_offer,high
CUST02011,At-Risk High-Value,130,1,1055.41,2,3,3,8,0.0,0.0,0,1,0,2,,new_launch,high
CUST02012,Loyal Customers,4,1,397.31,5,3,2,10,0.0,0.0,1,1,0,7,Silver,bundle_discount,medium
CUST02013,Loyal Customers,19,1,496.68,5,3,2,10,0.0,0.0,0,1,1,7,Silver,welcome_offer,low
CUST02014,Loyal Customers,39,1,585.15,4,3,2,9,0.0,0.0,0,1,0,0,,new_launch,high
CUST02015,Dormant,212,0,0.0,1,1,1,3,0.0,0.0,0,0,0,4,,none,high
CUST02016,Loyal Customers,15,1,359.18,5,3,1,9,0.0,0.0,0,1,1,17,,new_launch,low
CUST02017,Loyal Customers,77,1,260.56,3,3,1,7,0.0,0.0,0,1,2,12,Gold,bundle_discount,high
CUST02018,Loyal Customers,46,1,873.21,4,3,3,10,0.0,1.0,1,1,1,17,,bundle_discount,medium
CUST02019,High-Value but Unhappy,55,3,1976.35,3,5,5,13,0.333,1.0,1,2,0,7,,new_launch,medium
CUST02020,Loyal Customers,30,1,1155.61,4,3,3,10,0.0,0.0,0,1,0,8,,none,low
CUST02021,High-Value but Unhappy,9,4,3437.71,5,5,5,15,0.25,1.0,1,2,0,12,Gold,bundle_discount,medium
CUST02022,Loyal Customers,44,1,329.75,4,3,1,8,0.0,1.0,1,1,0,1,,bundle_discount,high
CUST02023,Loyal Customers,44,1,888.97,4,3,3,10,0.0,0.0,0,1,0,7,,none,medium
CUST02024,Champions,1,5,2985.73,5,5,5,15,0.0,0.0,0,3,3,17,Silver,welcome_offer,low
CUST02025,Champions,44,3,2973.5,4,5,5,14,0.0,0.0,0,2,1,3,,bundle_discount,medium
CUST02026,Champions,34,3,3035.7400000000002,4,5,5,14,0.0,0.0,0,1,1,2,,welcome_offer,low
CUST02027,Champions,12,2,2518.34,5,4,5,14,0.0,0.0,0,2,1,7,,bundle_discount,low
CUST02028,At-Risk High-Value,127,1,701.75,2,3,3,8,0.0,0.0,0,1,0,3,Gold,none,high
CUST02029,Loyal Customers,80,2,1154.39,3,4,3,10,0.0,0.0,1,2,2,0,Silver,bundle_discount,high
CUST02030,Champions,7,3,1750.15,5,5,4,14,0.0,0.0,0,2,2,18,Gold,new_launch,low
CUST02031,At-Risk High-Value,167,2,734.56,1,4,3,8,0.0,0.0,0,2,0,2,,new_launch,high
CUST02032,Dormant,342,0,0.0,1,1,1,3,0.0,0.0,0,0,0,2,,welcome_offer,high
CUST02033,Need Attention,112,1,450.77,2,3,2,7,0.0,0.0,0,1,1,9,Gold,none,high
CUST02034,Loyal Customers,13,1,568.26,5,3,2,10,0.0,0.0,0,1,0,9,,welcome_offer,low
CUST02035,At-Risk High-Value,93,3,2201.39,2,5,5,12,0.0,0.0,0,2,1,0,Gold,welcome_offer,high
CUST02036,Champions,38,2,1639.42,4,4,4,12,0.0,0.0,0,2,0,6,,welcome_offer,medium
CUST02037,Loyal Customers,1,1,405.47,5,3,2,10,1.0,1.0,1,1,1,3,Gold,none,medium
CUST02038,Dormant,262,0,0.0,1,1,1,3,0.0,0.0,0,0,1,3,Platinum,new_launch,high
CUST02039,Discount-Dependent,160,1,619.63,1,3,2,6,0.0,0.0,0,2,0,0,,welcome_offer,high
CUST02040,Loyal Customers,1,1,686.12,5,3,3,11,0.0,0.0,0,1,2,14,,bundle_discount,low
CUST02041,High-Value but Unhappy,15,1,2117.31,5,3,5,13,0.5,1.0,1,2,1,7,Silver,none,medium
CUST02042,High-Value but Unhappy,68,4,2102.49,3,5,5,13,0.0,1.0,1,3,1,6,,welcome_offer,medium
CUST02043,Loyal Customers,10,1,429.28,5,3,2,10,0.0,0.0,0,1,1,6,,new_launch,low
CUST02044,Champions,0,2,2285.2200000000003,5,4,5,14,0.0,0.0,0,2,0,14,,none,low
CUST02045,Discount-Dependent,92,1,626.4,2,3,2,7,0.0,0.0,0,1,3,5,,welcome_offer,high
CUST02046,Dormant,282,0,0.0,1,1,1,3,0.0,0.0,0,0,2,6,Platinum,free_shipping,high
CUST02047,Loyal Customers,61,5,4826.18,3,5,5,13,0.0,0.0,0,2,0,1,,bundle_discount,medium
CUST02048,Dormant,187,0,0.0,1,1,1,3,0.0,0.0,0,0,0,0,Silver,free_shipping,high
CUST02049,Loyal Customers,81,3,2043.23,3,5,5,13,0.0,0.0,0,2,1,6,Silver,none,high
CUST02050,Loyal Customers,15,2,985.3000000000001,5,4,3,12,0.0,0.0,1,1,2,4,,bundle_discount,medium
CUST02051,Loyal Customers,85,2,2426.54,3,4,5,12,0.0,0.0,1,1,0,0,Gold,bundle_discount,high
CUST02052,Loyal Customers,55,2,2935.75,3,4,5,12,0.0,0.0,0,1,0,2,Silver,new_launch,medium
CUST02053,Loyal Customers,61,2,1075.67,3,4,3,10,0.0,0.0,0,2,0,0,,bundle_discount,medium
CUST02054,Loyal Customers,29,1,818.75,4,3,3,10,0.0,0.0,0,1,0,9,,none,low
CUST02055,Loyal Customers,73,4,2614.46,3,5,5,13,0.0,0.0,0,3,0,1,,bundle_discount,medium
CUST02056,Dormant,195,0,0.0,1,1,1,3,0.0,0.0,0,0,1,2,Gold,welcome_offer,high
CUST02057,Loyal Customers,3,1,1572.37,5,3,4,12,0.0,0.0,0,1,0,10,,none,low
CUST02058,Loyal Customers,12,1,1013.35,5,3,3,11,0.0,0.0,0,1,1,0,,bundle_discount,high
CUST02059,High-Value but Unhappy,53,3,2449.99,3,5,5,13,0.0,1.0,1,3,1,2,,none,medium
CUST02060,Champions,23,2,1331.01,4,4,4,12,0.5,0.5,2,2,0,4,,free_shipping,medium
CUST02061,At-Risk High-Value,102,4,2511.9300000000003,2,5,5,12,0.0,0.0,0,3,1,7,Platinum,none,high
CUST02062,At-Risk High-Value,161,1,1113.22,1,3,3,7,0.0,0.0,0,1,0,0,Silver,free_shipping,high
CUST02063,High-Value but Unhappy,38,4,1973.4899999999998,4,5,5,14,0.25,1.0,1,3,1,7,,none,medium
CUST02064,High-Value but Unhappy,69,3,2866.45,3,5,5,13,0.333,1.0,1,3,0,2,,bundle_discount,medium
CUST02065,Discount-Dependent,172,1,556.57,1,3,2,6,0.0,0.0,0,1,0,1,,none,high
CUST02066,Loyal Customers,48,1,656.93,3,3,2,8,0.0,1.0,1,1,2,9,,bundle_discount,medium
CUST02067,High-Value but Unhappy,55,3,5011.96,3,5,5,13,0.0,1.0,1,2,0,5,Gold,welcome_offer,medium
CUST02068,Champions,7,2,1629.56,5,4,4,13,0.0,0.0,0,2,4,11,Gold,welcome_offer,low
CUST02069,Dormant,315,0,0.0,1,1,1,3,0.0,0.0,0,0,0,2,,free_shipping,high
CUST02070,Loyal Customers,80,1,557.51,3,3,2,8,0.0,1.0,1,1,2,11,,none,high
CUST02071,Loyal Customers,17,1,887.16,5,3,3,11,0.0,0.0,0,1,0,12,Gold,welcome_offer,low
CUST02072,Champions,35,7,4340.19,4,5,5,14,0.0,0.0,0,4,0,4,,none,low
CUST02073,Loyal Customers,34,1,462.53,4,3,2,9,0.0,0.0,0,1,0,0,,welcome_offer,high
CUST02074,Loyal Customers,36,1,1003.93,4,3,3,10,0.0,0.0,0,1,1,7,Silver,bundle_discount,medium
CUST02075,Dormant,271,0,0.0,1,1,1,3,0.0,0.0,0,0,0,0,,bundle_discount,high
CUST02076,Dormant,213,0,0.0,1,1,1,3,0.0,0.0,0,0,1,1,,bundle_discount,high
CUST02077,Loyal Customers,78,2,869.81,3,4,3,10,0.0,0.0,0,2,0,3,Silver,free_shipping,high
CUST02078,Champions,29,4,1815.21,4,5,4,13,0.0,0.0,0,3,2,3,Gold,none,low
CUST02079,High-Value but Unhappy,19,4,1749.94,5,5,4,14,0.25,1.0,1,3,0,1,,welcome_offer,medium
CUST02080,Discount-Dependent,178,1,498.21,1,3,2,6,1.0,0.0,0,1,2,1,,bundle_discount,high
CUST02081,At-Risk High-Value,166,2,1498.69,1,4,4,9,0.0,0.0,0,2,1,3,Gold,bundle_discount,high
CUST02082,At-Risk High-Value,124,1,701.0,2,3,3,8,0.0,0.0,0,1,0,1,,free_shipping,high
CUST02083,Champions,28,2,1606.4,4,4,4,12,0.0,0.0,0,2,0,4,,new_launch,low
CUST02084,Discount-Dependent,165,1,481.85,1,3,2,6,0.0,0.0,0,1,1,2,,welcome_offer,high
CUST02085,Loyal Customers,3,1,682.7,5,3,3,11,0.0,0.0,0,1,0,1,,new_launch,high
CUST02086,Champions,40,2,1886.35,4,4,4,12,0.0,0.0,0,2,3,8,Silver,bundle_discount,medium
CUST02087,Loyal Customers,14,1,479.82,5,3,2,10,0.0,0.0,0,1,0,3,Silver,new_launch,low
CUST02088,High-Value but Unhappy,41,2,1254.96,4,4,4,12,0.0,1.0,1,2,0,1,,new_launch,medium
CUST02089,Loyal Customers,20,1,542.75,5,3,2,10,0.0,0.0,0,1,0,1,,free_shipping,high
CUST02090,Loyal Customers,80,1,483.82,3,3,2,8,1.0,1.0,1,1,0,1,Silver,new_launch,high
CUST02091,Loyal Customers,19,1,872.98,5,3,3,11,0.0,0.0,0,1,1,10,,welcome_offer,low
CUST02092,At-Risk High-Value,174,1,776.3,1,3,3,7,0.0,0.0,0,1,0,2,Gold,free_shipping,high
CUST02093,Champions,11,2,1202.49,5,4,4,13,0.0,0.0,0,2,0,8,Gold,free_shipping,low
CUST02094,At-Risk High-Value,96,2,1171.49,2,4,3,9,0.0,0.0,0,2,0,1,Gold,bundle_discount,high
CUST02095,At-Risk High-Value,163,1,812.55,1,3,3,7,0.0,0.0,0,1,1,0,Silver,new_launch,high
CUST02096,Champions,5,2,1424.87,5,4,4,13,0.0,0.0,0,1,0,9,,free_shipping,low
CUST02097,Loyal Customers,59,1,286.55,3,3,1,7,0.0,0.0,0,1,0,5,Silver,bundle_discount,medium
CUST02098,Dormant,223,0,0.0,1,1,1,3,0.0,0.0,0,0,0,8,Silver,free_shipping,high
CUST02099,At-Risk High-Value,107,1,1106.31,2,3,3,8,0.0,0.0,0,1,1,2,Silver,welcome_offer,high
CUST02100,Loyal Customers,23,1,407.63,4,3,2,9,0.0,0.0,0,1,0,13,,new_launch,low
CUST02101,High-Value but Unhappy,18,5,3983.49,5,5,5,15,0.0,1.0,1,3,0,6,,free_shipping,medium
CUST02102,Loyal Customers,17,2,1151.43,5,4,3,12,0.0,0.0,0,2,1,19,Platinum,new_launch,low
CUST02103,Loyal Customers,44,2,1052.31,4,4,3,11,0.0,0.0,1,2,0,0,Platinum,new_launch,medium
CUST02104,Loyal Customers,4,1,679.74,5,3,2,10,0.0,0.0,0,1,0,7,Silver,new_launch,low
CUST02105,Champions,15,4,2058.2,5,5,5,15,0.25,0.0,0,3,0,1,,welcome_offer,low
CUST02106,High-Value but Unhappy,46,2,1477.23,4,4,4,12,0.5,1.0,1,2,1,7,Gold,new_launch,medium
CUST02107,At-Risk High-Value,90,2,1460.48,2,4,4,10,0.0,0.0,0,1,1,8,,new_launch,high
CUST02108,High-Value but Unhappy,9,3,2025.15,5,5,5,15,0.333,1.0,2,2,0,11,,welcome_offer,medium
CUST02109,Champions,21,2,2251.49,4,4,5,13,0.0,0.0,0,2,3,7,,free_shipping,low
CUST02110,Champions,26,2,1374.8200000000002,4,4,4,12,0.0,0.0,0,2,0,1,Gold,new_launch,low
CUST02111,Dormant,184,0,0.0,1,1,1,3,0.0,0.0,0,0,0,0,Silver,new_launch,high
CUST02112,Dormant,335,0,0.0,1,1,1,3,0.0,0.0,0,0,0,0,Silver,none,high
CUST02113,Dormant,194,0,0.0,1,1,1,3,0.0,0.0,0,0,0,1,,welcome_offer,high
CUST02114,Need Attention,111,1,252.74,2,3,1,6,0.0,0.0,0,1,0,8,,new_launch,high
CUST02115,Dormant,277,0,0.0,1,1,1,3,0.0,0.0,0,0,0,0,,free_shipping,high
CUST02116,Need Attention,151,1,656.01,1,3,2,6,0.0,0.0,0,1,0,1,Silver,free_shipping,high
CUST02117,At-Risk High-Value,92,1,1497.9,2,3,4,9,0.0,0.0,0,1,2,6,,new_launch,high
CUST02118,At-Risk High-Value,93,1,1687.7,2,3,4,9,0.0,0.0,0,1,0,5,Silver,free_shipping,high
CUST02119,High-Value but Unhappy,44,3,2881.38,4,5,5,14,0.0,1.0,1,3,0,8,,none,medium
CUST02120,Champions,41,4,2688.4300000000003,4,5,5,14,0.0,0.0,0,3,0,1,,none,medium
CUST02121,Loyal Customers,23,1,467.21,4,3,2,9,0.0,0.0,0,1,0,6,Silver,bundle_discount,low
CUST02122,Dormant,244,0,0.0,1,1,1,3,0.0,0.0,0,0,0,0,,free_shipping,high
CUST02123,Need Attention,108,1,448.88,2,3,2,7,0.0,0.0,0,1,1,0,,welcome_offer,high
CUST02124,Loyal Customers,40,2,995.22,4,4,3,11,0.0,0.0,0,2,4,15,Silver,bundle_discount,medium
CUST02125,Discount-Dependent,140,1,321.85,2,3,1,6,0.0,0.0,0,1,5,13,Gold,free_shipping,high
CUST02126,Dormant,206,0,0.0,1,1,1,3,0.0,0.0,0,0,0,1,,free_shipping,high
CUST02127,Dormant,210,0,0.0,1,1,1,3,0.0,0.0,0,0,1,3,Gold,free_shipping,high
CUST02128,Loyal Customers,41,1,1406.44,4,3,4,11,0.0,0.0,0,1,0,11,Silver,welcome_offer,medium
CUST02129,At-Risk High-Value,90,1,787.79,2,3,3,8,0.0,0.0,0,1,0,2,,free_shipping,high
CUST02130,Loyal Customers,84,2,1106.1,3,4,3,10,0.0,1.0,1,2,0,4,Silver,new_launch,high
CUST02131,At-Risk High-Value,93,3,1836.28,2,5,4,11,0.0,0.0,0,2,0,2,,bundle_discount,high
CUST02132,Loyal Customers,0,1,585.94,5,3,2,10,0.0,0.0,0,1,0,1,,welcome_offer,high
CUST02133,Champions,33,4,3704.23,4,5,5,14,0.0,0.0,0,3,1,11,,bundle_discount,low
CUST02134,Dormant,192,0,0.0,1,1,1,3,0.0,0.0,0,0,0,1,Silver,free_shipping,high
CUST02135,Loyal Customers,66,1,1006.67,3,3,3,9,0.0,0.0,1,1,0,2,,bundle_discount,medium
CUST02136,Loyal Customers,84,1,1483.04,3,3,4,10,0.0,0.0,0,1,0,4,,bundle_discount,high
CUST02137,Loyal Customers,47,2,1833.4099999999999,3,4,4,11,0.0,0.0,0,2,3,5,,welcome_offer,medium
CUST02138,Dormant,194,0,0.0,1,1,1,3,0.0,0.0,0,0,0,2,,welcome_offer,high
CUST02139,Loyal Customers,28,1,440.82,4,3,2,9,0.0,0.0,0,1,0,3,,none,low
CUST02140,Loyal Customers,30,1,624.38,4,3,2,9,0.0,0.0,0,1,0,15,Gold,none,low
CUST02141,Loyal Customers,77,2,2337.84,3,4,5,12,0.0,0.0,0,2,2,16,,new_launch,high
CUST02142,Loyal Customers,79,1,1330.95,3,3,4,10,0.0,0.0,0,1,0,1,,welcome_offer,high
CUST02143,Loyal Customers,61,1,1023.26,3,3,3,9,0.0,0.0,0,1,2,14,Silver,bundle_discount,medium
CUST02144,At-Risk High-Value,173,1,1131.2,1,3,3,7,0.0,0.0,0,1,0,0,Silver,free_shipping,high
CUST02145,At-Risk High-Value,111,1,1591.08,2,3,4,9,0.0,0.0,0,1,0,2,,free_shipping,high
CUST02146,At-Risk High-Value,118,1,917.63,2,3,3,8,0.0,0.0,0,1,0,0,,none,high
CUST02147,Discount-Dependent,124,1,365.94,2,3,1,6,0.0,0.0,0,1,0,1,,welcome_offer,high
CUST02148,Discount-Dependent,173,1,459.5,1,3,2,6,0.0,0.0,0,1,0,1,,free_shipping,high
CUST02149,Loyal Customers,64,2,3065.5299999999997,3,4,5,12,0.0,0.0,0,1,1,8,Gold,bundle_discount,medium
CUST02150,Dormant,245,0,0.0,1,1,1,3,0.0,0.0,0,0,2,2,,bundle_discount,high
CUST02151,High-Value but Unhappy,39,2,2018.8799999999999,4,4,5,13,0.0,1.0,1,2,1,9,,free_shipping,medium
CUST02152,Need Attention,109,1,243.22,2,3,1,6,0.0,0.0,0,1,0,4,Silver,welcome_offer,high
CUST02153,Loyal Customers,78,2,775.0799999999999,3,4,3,10,0.0,1.0,1,2,0,3,,none,high
CUST02154,At-Risk High-Value,106,4,3939.57,2,5,5,12,0.0,0.0,0,3,2,10,Gold,none,high
CUST02155,Dormant,197,0,0.0,1,1,1,3,0.0,0.0,0,0,0,10,,none,high
CUST02156,Dormant,214,0,0.0,1,1,1,3,0.0,0.0,0,0,2,0,,welcome_offer,high
CUST02157,Loyal Customers,48,1,736.31,3,3,3,9,0.0,0.0,0,1,1,8,Gold,bundle_discount,medium
CUST02158,At-Risk High-Value,101,3,1429.2,2,5,4,11,0.0,0.0,0,3,2,3,Silver,new_launch,high
CUST02159,Champions,9,3,1632.0,5,5,4,14,0.0,0.0,0,2,0,19,,new_launch,low
CUST02160,Loyal Customers,3,1,579.07,5,3,2,10,0.0,1.0,1,1,0,2,,none,medium
CUST02161,Discount-Dependent,153,1,470.02,1,3,2,6,0.0,0.0,0,1,0,1,,free_shipping,high
CUST02162,Champions,12,6,3338.24,5,5,5,15,0.0,0.0,0,3,4,12,,none,low
CUST02163,At-Risk High-Value,123,2,1297.52,2,4,4,10,0.5,0.0,0,2,0,1,,new_launch,high
CUST02164,Loyal Customers,48,1,644.0,3,3,2,8,0.0,0.0,1,1,0,2,Gold,none,medium
CUST02165,Loyal Customers,39,2,667.69,4,4,2,10,0.0,0.0,0,1,0,3,,none,medium
CUST02166,Loyal Customers,20,1,1010.89,5,3,3,11,0.0,0.0,1,1,0,1,Silver,bundle_discount,high
CUST02167,Champions,43,2,1243.12,4,4,4,12,0.0,0.0,0,2,0,6,,bundle_discount,medium
CUST02168,At-Risk High-Value,165,1,1152.66,1,3,3,7,1.0,0.0,0,1,1,8,,bundle_discount,high
CUST02169,At-Risk High-Value,94,4,3065.81,2,5,5,12,0.0,0.0,0,2,1,9,Gold,new_launch,high
CUST02170,At-Risk High-Value,138,2,1462.05,2,4,4,10,0.5,0.0,0,1,1,3,Silver,new_launch,high
CUST02171,At-Risk High-Value,120,1,1067.07,2,3,3,8,0.0,0.0,0,1,1,1,,free_shipping,high
CUST02172,Champions,17,3,2030.8600000000001,5,5,5,15,0.333,0.0,1,2,0,4,,bundle_discount,medium
CUST02173,Loyal Customers,0,1,2057.25,5,3,5,13,0.0,0.0,1,1,1,9,,new_launch,medium
CUST02174,At-Risk High-Value,139,2,832.17,2,4,3,9,0.0,0.0,0,1,2,12,,new_launch,high
CUST02175,Champions,31,3,1684.69,4,5,4,13,0.0,0.0,0,3,1,6,Gold,none,low
CUST02176,At-Risk High-Value,114,1,971.25,2,3,3,8,0.0,0.0,0,1,2,8,,bundle_discount,high
CUST02177,Dormant,197,0,0.0,1,1,1,3,0.0,0.0,0,0,0,1,,welcome_offer,high
CUST02178,Loyal Customers,36,2,1144.85,4,4,3,11,0.5,1.0,1,2,1,9,,free_shipping,medium
CUST02179,Loyal Customers,14,1,475.85,5,3,2,10,0.0,0.0,1,1,0,9,Platinum,welcome_offer,medium
CUST02180,Need Attention,122,1,606.51,2,3,2,7,0.0,0.0,0,1,1,7,Silver,none,high
CUST02181,Loyal Customers,11,1,908.67,5,3,3,11,0.0,0.0,0,1,0,5,,free_shipping,low
CUST02182,High-Value but Unhappy,71,2,1385.9899999999998,3,4,4,11,0.0,1.0,1,2,0,5,,new_launch,medium
CUST02183,Loyal Customers,51,2,2206.5,3,4,5,12,0.0,0.0,0,2,1,2,,none,medium
CUST02184,At-Risk High-Value,110,2,1434.1,2,4,4,10,0.0,0.0,0,2,0,2,,welcome_offer,high
CUST02185,Dormant,210,0,0.0,1,1,1,3,0.0,0.0,0,0,1,1,,new_launch,high
CUST02186,At-Risk High-Value,122,2,1512.69,2,4,4,10,0.0,0.0,0,2,1,5,Gold,new_launch,high
CUST02187,Dormant,217,0,0.0,1,1,1,3,0.0,0.0,0,0,1,1,,free_shipping,high
CUST02188,Discount-Dependent,125,1,491.48,2,3,2,7,0.0,0.0,0,1,0,1,,welcome_offer,high
CUST02189,At-Risk High-Value,87,4,2813.7799999999997,2,5,5,12,0.0,0.0,0,3,0,6,,new_launch,high
CUST02190,At-Risk High-Value,101,2,818.8299999999999,2,4,3,9,0.0,0.0,0,2,1,2,,free_shipping,high
CUST02191,Need Attention,158,1,445.44,1,3,2,6,0.0,0.0,0,1,0,4,Silver,bundle_discount,high
CUST02192,Loyal Customers,9,1,911.64,5,3,3,11,0.0,0.0,0,1,2,10,Gold,none,low
CUST02193,Loyal Customers,18,1,395.16,5,3,2,10,0.0,0.0,0,1,0,10,,none,low
CUST02194,Loyal Customers,67,2,4687.469999999999,3,4,5,12,0.0,0.0,0,2,0,11,Gold,welcome_offer,medium
CUST02195,At-Risk High-Value,119,5,3072.43,2,5,5,12,0.0,0.0,0,2,1,3,,free_shipping,high
CUST02196,Need Attention,175,1,605.92,1,3,2,6,0.0,0.0,0,1,0,0,,bundle_discount,high
CUST02197,Loyal Customers,21,1,362.15,4,3,1,8,0.0,0.0,0,1,0,9,Silver,bundle_discount,low
CUST02198,At-Risk High-Value,96,1,982.89,2,3,3,8,0.0,0.0,0,1,0,3,Silver,bundle_discount,high
CUST02199,High-Value but Unhappy,96,3,2042.0300000000002,2,5,5,12,0.333,1.0,1,2,0,3,,bundle_discount,high
CUST02200,Loyal Customers,3,3,1089.4,5,5,3,13,0.0,0.0,0,3,0,5,,free_shipping,low
CUST02201,Need Attention,129,1,533.9,2,3,2,7,0.0,0.0,0,1,0,2,Silver,bundle_discount,high
CUST02202,Champions,2,3,1483.73,5,5,4,14,0.0,0.0,0,2,1,2,,none,low
CUST02203,Loyal Customers,52,2,973.8,3,4,3,10,0.0,0.0,0,2,2,3,,none,medium
CUST02204,Need Attention,175,1,456.72,1,3,2,6,0.0,0.0,0,1,1,1,,none,high
CUST02205,Dormant,236,0,0.0,1,1,1,3,0.0,0.0,0,0,0,3,,bundle_discount,high
CUST02206,Dormant,278,0,0.0,1,1,1,3,0.0,0.0,0,0,0,0,Gold,none,high
CUST02207,Champions,29,5,3048.95,4,5,5,14,0.2,0.0,1,3,0,2,,welcome_offer,medium
CUST02208,At-Risk High-Value,123,1,1036.04,2,3,3,8,0.0,0.0,0,1,0,0,,none,high
CUST02209,Loyal Customers,22,2,890.6800000000001,4,4,3,11,0.0,0.0,0,2,0,11,,new_launch,low
CUST02210,At-Risk High-Value,154,1,1211.39,1,3,4,8,0.0,0.0,0,1,0,1,Silver,none,high
CUST02211,Loyal Customers,5,1,1286.02,5,3,4,12,0.0,0.0,0,1,2,6,Gold,free_shipping,low
CUST02212,Loyal Customers,52,1,619.75,3,3,2,8,0.0,0.0,0,1,0,2,Gold,new_launch,medium
CUST02213,High-Value but Unhappy,43,3,1948.1499999999999,4,5,5,14,0.333,1.0,1,3,1,2,Silver,bundle_discount,medium
CUST02214,Dormant,213,0,0.0,1,1,1,3,0.0,0.0,0,0,1,3,Gold,welcome_offer,high
CUST02215,Loyal Customers,38,1,362.55,4,3,1,8,0.0,0.0,1,1,0,9,Silver,free_shipping,medium
CUST02216,High-Value but Unhappy,90,1,1336.58,2,3,4,9,0.0,1.0,1,1,1,4,Silver,new_launch,high
CUST02217,Loyal Customers,42,1,586.15,4,3,2,9,0.0,0.0,0,1,2,12,,free_shipping,medium
CUST02218,Champions,26,3,2812.75,4,5,5,14,0.333,0.0,0,2,2,2,,bundle_discount,low
CUST02219,Loyal Customers,39,1,484.4,4,3,2,9,0.0,0.0,0,1,1,4,,free_shipping,medium
CUST02220,Loyal Customers,70,1,366.62,3,3,1,7,0.0,0.0,0,1,0,7,Silver,none,medium
CUST02221,Loyal Customers,34,1,682.97,4,3,3,10,0.0,0.0,0,1,1,1,Gold,none,high
CUST02222,At-Risk High-Value,92,1,836.55,2,3,3,8,1.0,0.0,1,1,0,7,Silver,free_shipping,high
CUST02223,Loyal Customers,10,1,764.96,5,3,3,11,0.0,0.0,0,1,1,19,Gold,welcome_offer,low
CUST02224,Dormant,197,0,0.0,1,1,1,3,0.0,0.0,0,0,3,0,,new_launch,high
CUST02225,Dormant,251,0,0.0,1,1,1,3,0.0,0.0,0,0,0,3,Silver,bundle_discount,high
CUST02226,High-Value but Unhappy,49,4,1862.57,3,5,4,12,0.0,1.0,1,2,0,5,Gold,free_shipping,medium
CUST02227,Loyal Customers,28,1,778.26,4,3,3,10,0.0,1.0,1,1,0,4,,bundle_discount,medium
CUST02228,At-Risk High-Value,87,2,1733.8999999999999,2,4,4,10,0.5,0.0,1,2,0,4,Silver,none,high
CUST02229,Loyal Customers,75,2,1770.8200000000002,3,4,4,11,0.0,0.0,0,2,1,9,Silver,new_launch,medium
CUST02230,Loyal Customers,24,1,388.37,4,3,2,9,0.0,0.0,0,1,0,1,,free_shipping,high
CUST02231,Loyal Customers,68,1,611.42,3,3,2,8,0.0,0.0,0,1,0,10,Silver,new_launch,medium
CUST02232,Loyal Customers,0,1,327.98,5,3,1,9,0.0,0.0,0,1,0,5,Silver,free_shipping,low
CUST02233,Discount-Dependent,94,1,515.82,2,3,2,7,0.0,0.0,0,1,0,4,,new_launch,high
CUST02234,At-Risk High-Value,169,1,880.11,1,3,3,7,0.0,0.0,0,1,0,5,Gold,none,high
CUST02235,Loyal Customers,52,1,221.66,3,3,1,7,0.0,0.0,0,1,0,1,,free_shipping,high
CUST02236,At-Risk High-Value,145,1,734.52,2,3,3,8,0.0,0.0,0,1,0,1,,new_launch,high
CUST02237,Loyal Customers,38,2,841.55,4,5,3,12,0.0,0.0,0,2,2,10,Gold,none,medium
CUST02238,High-Value but Unhappy,57,6,3352.75,3,5,5,13,0.167,1.0,1,3,0,2,Gold,bundle_discount,medium
CUST02239,Loyal Customers,45,1,576.85,4,3,2,9,0.0,0.0,0,1,0,5,Silver,none,medium
CUST02240,Loyal Customers,19,1,2577.76,5,3,5,13,0.0,0.0,0,1,0,6,,welcome_offer,low
CUST02241,At-Risk High-Value,114,4,3532.06,2,5,5,12,0.0,0.0,0,3,0,0,Gold,none,high
CUST02242,Discount-Dependent,130,1,404.78,2,3,2,7,0.0,0.0,0,1,0,1,,welcome_offer,high
CUST02243,At-Risk High-Value,133,2,1888.92,2,5,5,12,0.0,0.0,0,2,0,7,Silver,free_shipping,high
CUST02244,Champions,5,3,1772.31,5,5,4,14,0.0,0.0,0,3,1,5,Silver,free_shipping,low
CUST02245,Loyal Customers,83,2,2156.5299999999997,3,5,5,13,0.0,0.0,0,1,1,7,Silver,new_launch,high
CUST02246,At-Risk High-Value,153,3,2005.87,1,5,5,11,0.0,0.0,0,3,1,6,,new_launch,high
CUST02247,Loyal Customers,55,1,533.22,3,3,2,8,0.0,0.0,0,1,0,0,,new_launch,high
CUST02248,At-Risk High-Value,93,1,1245.24,2,3,4,9,0.0,0.0,0,1,0,2,,none,high
CUST02249,Loyal Customers,75,1,502.63,3,3,2,8,0.0,1.0,1,1,0,10,Platinum,welcome_offer,medium
CUST02250,Loyal Customers,15,2,878.2,5,5,3,13,1.0,1.0,2,2,0,10,Silver,bundle_discount,medium
CUST02251,Dormant,182,0,0.0,1,1,1,3,0.0,0.0,0,0,1,8,Silver,bundle_discount,high
CUST02252,Loyal Customers,62,1,748.51,3,3,3,9,0.0,0.0,0,1,0,1,,new_launch,high
CUST02253,Loyal Customers,67,6,4749.22,3,5,5,13,0.0,0.0,0,3,0,9,Gold,none,medium
CUST02254,Discount-Dependent,91,1,321.87,2,3,1,6,0.0,1.0,1,1,0,4,Silver,none,high
CUST02255,Loyal Customers,15,1,485.28,5,3,2,10,0.0,0.0,0,1,0,11,,none,low
CUST02256,Loyal Customers,42,1,554.27,4,3,2,9,0.0,0.0,0,1,1,12,,none,medium
CUST02257,Loyal Customers,60,1,791.33,3,3,3,9,0.0,1.0,1,1,0,3,Silver,welcome_offer,medium
CUST02258,Dormant,198,0,0.0,1,1,1,3,0.0,0.0,0,0,1,8,,free_shipping,high
CUST02259,Loyal Customers,42,2,917.25,4,5,3,12,0.0,0.0,0,2,1,17,Gold,bundle_discount,medium
CUST02260,Loyal Customers,69,1,494.75,3,3,2,8,0.0,0.0,0,1,1,7,Silver,free_shipping,medium
CUST02261,Loyal Customers,55,3,2248.93,3,5,5,13,0.0,0.0,0,3,1,4,,none,medium
CUST02262,At-Risk High-Value,97,2,1826.6799999999998,2,5,4,11,0.0,0.0,0,2,0,0,Silver,welcome_offer,high
CUST02263,Need Attention,118,1,385.7,2,3,2,7,0.0,0.0,0,1,0,8,,free_shipping,high
CUST02264,High-Value but Unhappy,45,2,1550.17,4,5,4,13,0.5,1.0,1,2,0,3,Gold,free_shipping,medium
CUST02265,Loyal Customers,31,1,280.88,4,3,1,8,0.0,0.0,0,1,0,3,Silver,welcome_offer,low
CUST02266,Loyal Customers,20,1,563.66,5,3,2,10,0.0,0.0,0,1,3,2,,new_launch,low
CUST02267,Dormant,207,0,0.0,1,1,1,3,0.0,0.0,0,0,1,5,,free_shipping,high
CUST02268,Discount-Dependent,167,1,499.76,1,3,2,6,0.0,0.0,0,1,0,2,Gold,none,high
CUST02269,Champions,7,4,3854.66,5,5,5,15,0.25,0.0,1,3,0,8,Gold,bundle_discount,medium
CUST02270,At-Risk High-Value,91,2,1121.3899999999999,2,5,3,10,0.0,0.0,0,2,1,14,,welcome_offer,high
CUST02271,At-Risk High-Value,119,1,1102.16,2,3,3,8,0.0,0.0,0,1,2,4,,welcome_offer,high
CUST02272,Loyal Customers,59,3,1907.8,3,5,5,13,0.333,0.5,2,2,2,13,,welcome_offer,medium
CUST02273,At-Risk High-Value,163,1,1057.96,1,3,3,7,0.0,0.0,0,1,1,8,,none,high
CUST02274,Loyal Customers,70,1,636.94,3,3,2,8,0.0,0.0,1,1,1,7,,free_shipping,medium
CUST02275,Loyal Customers,21,1,270.79,4,3,1,8,0.0,0.0,0,1,0,5,Silver,free_shipping,low
CUST02276,Dormant,265,0,0.0,1,1,1,3,0.0,0.0,0,0,0,1,Gold,free_shipping,high
CUST02277,Dormant,218,0,0.0,1,1,1,3,0.0,0.0,0,0,0,4,,free_shipping,high
CUST02278,Discount-Dependent,116,1,217.79,2,3,1,6,0.0,0.0,0,1,0,0,,new_launch,high
CUST02279,Champions,21,3,2624.92,4,5,5,14,0.0,0.0,0,2,0,0,,none,low
CUST02280,At-Risk High-Value,145,1,1244.85,2,3,4,9,0.0,0.0,0,1,1,8,,free_shipping,high
CUST02281,At-Risk High-Value,120,2,1698.6799999999998,2,5,4,11,0.0,0.0,0,1,0,8,,welcome_offer,high
CUST02282,Loyal Customers,7,1,300.59,5,3,1,9,0.0,1.0,1,1,0,1,,new_launch,high
CUST02283,Discount-Dependent,132,1,272.29,2,3,1,6,0.0,0.0,0,1,0,1,,bundle_discount,high
CUST02284,High-Value but Unhappy,35,3,1867.5500000000002,4,5,4,13,0.333,1.0,1,2,2,11,Platinum,none,medium
CUST02285,Loyal Customers,19,1,903.8,5,3,3,11,0.0,0.0,1,1,1,0,,free_shipping,high
CUST02286,Dormant,242,0,0.0,1,1,1,3,0.0,0.0,0,0,1,2,,welcome_offer,high
CUST02287,At-Risk High-Value,100,1,3746.76,2,3,5,10,0.0,0.0,0,2,1,0,,bundle_discount,high
CUST02288,Loyal Customers,58,3,2146.98,3,5,5,13,0.333,0.0,0,2,0,1,Gold,bundle_discount,medium
CUST02289,At-Risk High-Value,93,3,2844.33,2,5,5,12,0.0,0.0,0,2,0,6,,welcome_offer,high
CUST02290,High-Value but Unhappy,76,3,3009.11,3,5,5,13,0.333,1.0,1,2,0,6,,bundle_discount,high
CUST02291,Dormant,214,0,0.0,1,1,1,3,0.0,0.0,0,0,0,3,Silver,free_shipping,high
CUST02292,Loyal Customers,4,2,1017.41,5,5,3,13,0.5,1.0,1,2,0,2,,welcome_offer,medium
CUST02293,Dormant,287,0,0.0,1,1,1,3,0.0,0.0,0,0,0,4,,new_launch,high
CUST02294,Loyal Customers,19,2,785.8399999999999,5,5,3,13,0.5,1.0,1,2,1,1,Silver,bundle_discount,medium
CUST02295,Loyal Customers,24,2,958.6199999999999,4,5,3,12,0.0,0.0,1,2,0,3,,free_shipping,medium
CUST02296,Loyal Customers,73,1,576.15,3,3,2,8,0.0,1.0,1,1,1,11,,bundle_discount,medium
CUST02297,Loyal Customers,27,1,389.45,4,3,2,9,0.0,0.0,0,1,2,3,Silver,none,low
CUST02298,At-Risk High-Value,100,3,2204.46,2,5,5,12,0.0,0.0,0,3,0,13,Gold,welcome_offer,high
CUST02299,At-Risk High-Value,101,1,1062.37,2,3,3,8,0.0,0.0,0,1,1,7,,bundle_discount,high
CUST02300,At-Risk High-Value,104,3,3051.79,2,5,5,12,0.0,0.0,0,2,1,1,,bundle_discount,high
CUST02301,At-Risk High-Value,126,3,1446.59,2,5,4,11,0.0,0.0,0,2,0,7,Gold,new_launch,high
CUST02302,Loyal Customers,79,1,587.07,3,3,2,8,0.0,0.0,0,1,0,8,Silver,new_launch,high
CUST02303,Loyal Customers,24,1,590.19,4,3,2,9,1.0,1.0,1,1,0,12,,free_shipping,medium
CUST02304,Loyal Customers,36,1,385.75,4,3,2,9,0.0,0.0,0,1,2,6,Silver,welcome_offer,medium
CUST02305,Champions,40,3,2660.79,4,5,5,14,0.0,0.0,0,3,0,12,,new_launch,medium
CUST02306,Loyal Customers,74,2,2087.3199999999997,3,5,5,13,0.0,0.0,1,2,0,5,,bundle_discount,medium
CUST02307,Loyal Customers,24,1,625.48,4,3,2,9,0.0,0.0,0,1,0,4,,bundle_discount,low
CUST02308,Discount-Dependent,116,1,595.88,2,3,2,7,0.0,0.0,0,1,0,0,,bundle_discount,high
CUST02309,Dormant,562,0,0.0,1,1,1,3,0.0,0.0,0,0,1,1,,new_launch,high
CUST02310,Champions,25,2,1181.73,4,5,4,13,0.0,0.0,1,2,2,8,,none,medium
CUST02311,Dormant,200,0,0.0,1,1,1,3,0.0,0.0,0,0,2,3,,bundle_discount,high
CUST02312,Dormant,205,0,0.0,1,1,1,3,0.0,0.0,0,0,2,3,Silver,welcome_offer,high
CUST02313,Discount-Dependent,171,1,583.08,1,3,2,6,0.0,0.0,0,1,0,3,Silver,welcome_offer,high
CUST02314,Loyal Customers,0,1,443.94,5,3,2,10,0.0,0.0,0,1,1,16,,free_shipping,low
CUST02315,Loyal Customers,39,2,952.22,4,5,3,12,0.0,1.0,1,2,0,12,,none,medium
CUST02316,Loyal Customers,17,1,552.35,5,3,2,10,0.0,0.0,0,1,0,7,,new_launch,low
CUST02317,Champions,1,6,5693.1,5,5,5,15,0.0,0.0,0,4,1,9,,welcome_offer,low
CUST02318,Loyal Customers,85,1,514.56,3,3,2,8,0.0,0.0,0,1,1,3,Silver,welcome_offer,high
CUST02319,Loyal Customers,36,1,1156.63,4,3,3,10,0.0,0.0,0,1,1,6,Silver,welcome_offer,medium
CUST02320,Discount-Dependent,97,2,519.24,2,5,2,9,0.0,0.0,0,2,2,3,,bundle_discount,high
CUST02321,At-Risk High-Value,172,2,721.3399999999999,1,5,3,9,0.0,0.0,0,2,2,3,Silver,none,high
CUST02322,Champions,38,2,1583.24,4,5,4,13,0.0,0.0,0,2,2,6,Silver,none,medium
CUST02323,Loyal Customers,84,1,602.85,3,3,2,8,0.0,0.0,0,1,0,4,Gold,free_shipping,high
CUST02324,Discount-Dependent,178,1,347.75,1,3,1,5,0.0,0.0,0,1,0,2,,welcome_offer,high
CUST02325,Champions,14,3,1378.42,5,5,4,14,0.0,0.0,0,3,0,12,Silver,new_launch,low
CUST02326,Loyal Customers,14,1,831.86,5,3,3,11,0.0,0.0,0,1,3,4,,free_shipping,low
CUST02327,Discount-Dependent,160,1,308.94,1,3,1,5,0.0,0.0,0,1,1,9,,bundle_discount,high
CUST02328,Loyal Customers,13,1,639.75,5,3,2,10,0.0,0.0,0,1,0,1,Gold,welcome_offer,high
CUST02329,At-Risk High-Value,90,3,2353.05,2,5,5,12,0.0,0.0,0,2,3,7,Silver,new_launch,high
CUST02330,Loyal Customers,75,4,5029.91,3,5,5,13,0.25,0.0,1,3,0,4,Platinum,new_launch,medium
CUST02331,Champions,11,2,2708.4,5,5,5,15,0.0,0.0,0,2,0,7,Silver,bundle_discount,low
CUST02332,Champions,17,2,3382.5299999999997,5,5,5,15,0.5,0.0,0,2,0,4,Gold,new_launch,low
CUST02333,Loyal Customers,0,1,648.38,5,3,2,10,0.0,0.0,0,1,3,3,,welcome_offer,low
CUST02334,Loyal Customers,13,1,1812.0,5,3,4,12,0.0,0.0,0,1,0,11,Silver,welcome_offer,low
CUST02335,Loyal Customers,40,2,902.71,4,5,3,12,0.0,0.0,0,2,1,7,,free_shipping,medium
CUST02336,Loyal Customers,78,2,777.1700000000001,3,5,3,11,0.0,0.0,0,2,2,13,,none,high
CUST02337,Loyal Customers,13,1,1911.28,5,3,5,13,0.0,0.0,0,1,2,21,,bundle_discount,low
CUST02338,High-Value but Unhappy,31,2,1594.4499999999998,4,5,4,13,0.0,1.0,1,1,2,16,Gold,free_shipping,medium
CUST02339,Champions,31,5,3093.07,4,5,5,14,0.2,0.5,2,3,2,8,Silver,none,medium
CUST02340,High-Value but Unhappy,28,5,3931.17,4,5,5,14,0.0,1.0,1,3,0,8,Gold,welcome_offer,medium
CUST02341,Loyal Customers,31,1,490.32,4,3,2,9,0.0,0.0,0,1,0,2,,none,low
CUST02342,Loyal Customers,57,2,1718.3899999999999,3,5,4,12,0.0,0.0,1,2,0,5,Silver,new_launch,medium
CUST02343,Loyal Customers,24,1,1077.84,4,3,3,10,0.0,0.0,0,1,2,7,Silver,free_shipping,low
CUST02344,Loyal Customers,19,1,536.58,5,3,2,10,0.0,0.0,0,1,2,2,Silver,welcome_offer,low
CUST02345,Loyal Customers,33,1,1676.2,4,3,4,11,0.0,0.0,0,1,0,1,,welcome_offer,high
CUST02346,High-Value but Unhappy,16,3,1415.13,5,5,4,14,0.0,1.0,2,2,0,6,,bundle_discount,medium
CUST02347,At-Risk High-Value,92,1,1102.94,2,3,3,8,0.0,0.0,0,1,2,3,,welcome_offer,high
CUST02348,At-Risk High-Value,115,1,2063.46,2,3,5,10,0.0,0.0,0,1,1,6,,welcome_offer,high
CUST02349,Loyal Customers,54,3,1811.6,3,5,4,12,0.0,0.0,0,2,1,9,,new_launch,medium
CUST02350,At-Risk High-Value,132,3,3619.51,2,5,5,12,0.0,0.0,0,3,1,1,,new_launch,high
CUST02351,Dormant,239,0,0.0,1,1,1,3,0.0,0.0,0,0,0,1,,free_shipping,high
CUST02352,Champions,8,2,1349.29,5,5,4,14,0.0,0.0,0,2,0,3,,none,low
CUST02353,At-Risk High-Value,150,1,828.36,1,3,3,7,0.0,0.0,0,1,1,6,,free_shipping,high
CUST02354,Loyal Customers,19,1,666.97,5,3,2,10,0.0,0.0,0,1,0,0,,welcome_offer,high
CUST02355,Loyal Customers,9,1,293.2,5,3,1,9,0.0,0.0,1,1,0,0,,welcome_offer,high
CUST02356,Loyal Customers,34,2,1160.46,4,5,3,12,0.0,0.0,0,1,1,13,Silver,bundle_discount,low
CUST02357,Champions,30,3,1999.73,4,5,5,14,0.0,0.0,1,2,1,5,Gold,bundle_discount,medium
CUST02358,High-Value but Unhappy,72,1,1296.04,3,3,4,10,0.0,1.0,1,1,1,1,Silver,bundle_discount,high
CUST02359,Champions,28,2,1800.68,4,5,4,13,0.0,0.0,0,2,0,17,Gold,free_shipping,low
CUST02360,Loyal Customers,39,2,830.9399999999999,4,5,3,12,0.0,0.0,0,2,1,5,,free_shipping,medium
CUST02361,Loyal Customers,43,1,430.86,4,3,2,9,0.0,0.0,0,1,0,2,Silver,new_launch,medium
CUST02362,Champions,20,2,2072.46,5,5,5,15,0.0,0.0,0,2,1,4,Platinum,new_launch,low
CUST02363,Champions,20,2,2190.38,5,5,5,15,0.5,0.0,0,2,0,5,,bundle_discount,low
CUST02364,At-Risk High-Value,153,2,1091.09,1,5,3,9,0.0,0.0,0,2,0,1,,welcome_offer,high
CUST02365,Champions,9,5,4018.01,5,5,5,15,0.0,0.0,0,3,1,17,,none,low
CUST02366,Dormant,219,0,0.0,1,1,1,3,0.0,0.0,0,0,0,4,,free_shipping,high
CUST02367,Loyal Customers,70,3,2102.99,3,5,5,13,0.0,0.0,1,3,4,5,Platinum,free_shipping,medium
CUST02368,At-Risk High-Value,157,1,1107.44,1,3,3,7,0.0,0.0,0,1,0,2,Silver,none,high
CUST02369,Loyal Customers,22,1,377.41,4,3,2,9,0.0,0.0,0,1,2,14,,none,low
CUST02370,Champions,21,2,1278.67,4,5,4,13,0.0,0.0,0,2,0,4,,welcome_offer,low
CUST02371,High-Value but Unhappy,44,3,1863.01,4,5,4,13,0.0,1.0,1,3,0,4,Silver,free_shipping,medium
CUST02372,Loyal Customers,23,1,898.39,4,3,3,10,0.0,0.0,0,1,0,15,,bundle_discount,low
CUST02373,High-Value but Unhappy,7,2,1336.68,5,5,4,14,0.0,1.0,1,1,0,2,Gold,none,medium
CUST02374,Loyal Customers,80,1,158.59,3,3,1,7,0.0,0.0,0,1,2,2,,bundle_discount,high
CUST02375,Loyal Customers,81,1,530.02,3,3,2,8,0.0,0.0,0,1,1,2,,new_launch,high
CUST02376,Loyal Customers,4,2,1078.26,5,5,3,13,0.0,0.0,0,2,0,1,,new_launch,low
CUST02377,Champions,32,2,1996.9699999999998,4,5,5,14,0.0,0.0,0,1,3,9,,welcome_offer,low
CUST02378,Loyal Customers,2,2,1141.79,5,5,3,13,0.0,0.0,0,2,0,13,Platinum,welcome_offer,low
CUST02379,Discount-Dependent,112,1,588.32,2,3,2,7,0.0,0.0,0,1,0,11,,bundle_discount,high
CUST02380,Discount-Dependent,136,1,331.92,2,3,1,6,0.0,0.0,0,1,0,0,,new_launch,high
CUST02381,Loyal Customers,4,1,798.67,5,3,3,11,0.0,0.0,1,1,0,8,,new_launch,medium
CUST02382,At-Risk High-Value,89,2,1493.47,2,5,4,11,0.0,0.0,0,2,2,4,Silver,new_launch,high
CUST02383,Discount-Dependent,108,1,424.58,2,3,2,7,0.0,0.0,0,1,3,7,,free_shipping,high
CUST02384,High-Value but Unhappy,68,2,1501.1399999999999,3,5,4,12,0.5,1.0,1,2,0,7,Silver,new_launch,medium
CUST02385,Loyal Customers,27,1,873.79,4,3,3,10,0.0,0.0,0,1,2,1,Silver,free_shipping,high
CUST02386,Champions,0,2,1758.17,5,5,4,14,0.0,0.0,0,2,1,7,,welcome_offer,low
CUST02387,Need Attention,97,1,324.03,2,3,1,6,0.0,1.0,1,1,2,9,,welcome_offer,high
CUST02388,Loyal Customers,49,1,2614.56,3,3,5,11,0.0,0.0,0,1,0,5,Silver,bundle_discount,medium
CUST02389,At-Risk High-Value,125,2,918.52,2,5,3,10,0.0,0.0,0,2,0,1,,new_launch,high
CUST02390,Dormant,282,0,0.0,1,1,1,3,0.0,0.0,0,0,0,2,Silver,none,high
CUST02391,Loyal Customers,52,1,767.26,3,3,3,9,0.0,1.0,1,1,0,1,,welcome_offer,high
CUST02392,At-Risk High-Value,96,2,1468.46,2,5,4,11,0.0,0.0,0,2,1,2,,free_shipping,high
CUST02393,Need Attention,122,1,483.18,2,3,2,7,0.0,0.0,0,1,0,0,,bundle_discount,high
CUST02394,Champions,38,4,3939.27,4,5,5,14,0.0,0.0,0,4,4,5,Silver,free_shipping,medium
CUST02395,Dormant,364,0,0.0,1,1,1,3,0.0,0.0,0,0,0,1,,new_launch,high
CUST02396,Need Attention,114,1,553.88,2,3,2,7,0.0,0.0,0,1,0,1,,new_launch,high
CUST02397,Loyal Customers,58,1,451.68,3,3,2,8,0.0,0.0,0,1,1,12,Silver,free_shipping,medium
CUST02398,Loyal Customers,49,2,1168.26,3,5,3,11,0.0,0.0,0,2,0,4,,bundle_discount,medium
CUST02399,Dormant,276,0,0.0,1,1,1,3,0.0,0.0,0,0,1,1,,none,high
CUST02400,Need Attention,110,1,524.67,2,3,2,7,0.0,0.0,0,1,0,1,,welcome_offer,high
